timestamp,joint_name,x_pixel,y_pixel,angle
1772576898.0340428,Landmark_0,1214,1112,
1772576898.0340428,Landmark_1,1274,1098,
1772576898.0340428,Thumb MCP,1326,1065,178.35
1772576898.0340428,Thumb IP,1363,1040,178.29
1772576898.0340428,Landmark_4,1388,1022,
1772576898.0340428,Landmark_5,1281,1026,
1772576898.0340428,Index PIP,1303,931,177.27
1772576898.0340428,Index DIP,1313,876,178.54
1772576898.0340428,Landmark_8,1320,831,
1772576898.0340428,Landmark_9,1223,1013,
1772576898.0340428,Middle PIP,1215,926,179.31
1772576898.0340428,Middle DIP,1210,878,179.78
1772576898.0340428,Landmark_12,1206,841,
1772576898.0340428,Landmark_13,1169,1011,
1772576898.0340428,Ring PIP,1146,937,179.74
1772576898.0340428,Ring DIP,1134,899,175.72
1772576898.0340428,Landmark_16,1124,874,
1772576898.0340428,Landmark_17,1122,1017,
1772576898.0340428,Pinky PIP,1078,952,179.47
1772576898.0340428,Pinky DIP,1049,910,174.57
1772576898.0340428,Landmark_20,1030,876,
1772576898.114306,Landmark_0,1247,1101,
1772576898.114306,Landmark_1,1169,1069,
1772576898.114306,Thumb MCP,1101,1034,178.11
1772576898.114306,Thumb IP,1044,1007,174.38
1772576898.114306,Landmark_4,991,988,
1772576898.114306,Landmark_5,1134,891,
1772576898.114306,Index PIP,1110,806,177.08
1772576898.114306,Index DIP,1097,749,179.25
1772576898.114306,Landmark_8,1085,693,
1772576898.114306,Landmark_9,1195,873,
1772576898.114306,Middle PIP,1187,795,178.30
1772576898.114306,Middle DIP,1183,740,178.56
1772576898.114306,Landmark_12,1178,689,
1772576898.114306,Landmark_13,1257,875,
1772576898.114306,Ring PIP,1261,800,179.03
1772576898.114306,Ring DIP,1263,745,180.00
1772576898.114306,Landmark_16,1265,690,
1772576898.114306,Landmark_17,1317,891,
1772576898.114306,Pinky PIP,1341,822,177.81
1772576898.114306,Pinky DIP,1359,776,180.00
1772576898.114306,Landmark_20,1377,730,
1772576898.1905448,Landmark_0,1287,997,
1772576898.1905448,Landmark_1,1186,923,
1772576898.1905448,Thumb MCP,1103,851,172.19
1772576898.1905448,Thumb IP,1031,804,172.36
1772576898.1905448,Landmark_4,966,773,
1772576898.1905448,Landmark_5,1160,759,
1772576898.1905448,Index PIP,1135,687,174.61
1772576898.1905448,Index DIP,1123,638,179.69
1772576898.1905448,Landmark_8,1112,592,
1772576898.1905448,Landmark_9,1215,748,
1772576898.1905448,Middle PIP,1204,674,177.26
1772576898.1905448,Middle DIP,1199,624,178.19
1772576898.1905448,Landmark_12,1196,580,
1772576898.1905448,Landmark_13,1271,746,
1772576898.1905448,Ring PIP,1271,673,177.04
1772576898.1905448,Ring DIP,1268,615,178.39
1772576898.1905448,Landmark_16,1264,565,
1772576898.1905448,Landmark_17,1326,760,
1772576898.1905448,Pinky PIP,1343,686,177.48
1772576898.1905448,Pinky DIP,1356,639,176.92
1772576898.1905448,Landmark_20,1365,598,
1772576898.1909251,Landmark_0,1260,919,
1772576898.1909251,Landmark_1,1167,885,
1772576898.1909251,Thumb MCP,1080,827,177.96
1772576898.1909251,Thumb IP,1007,782,168.81
1772576898.1909251,Landmark_4,940,757,
1772576898.1909251,Landmark_5,1134,666,
1772576898.1909251,Index PIP,1094,556,175.00
1772576898.1909251,Index DIP,1075,485,176.15
1772576898.1909251,Landmark_8,1063,424,
1772576898.1909251,Landmark_9,1199,644,
1772576898.1909251,Middle PIP,1180,516,179.78
1772576898.1909251,Middle DIP,1168,433,179.54
1772576898.1909251,Landmark_12,1159,367,
1772576898.1909251,Landmark_13,1265,651,
1772576898.1909251,Ring PIP,1260,531,177.93
1772576898.1909251,Ring DIP,1254,454,178.93
1772576898.1909251,Landmark_16,1248,392,
1772576898.1909251,Landmark_17,1332,680,
1772576898.1909251,Pinky PIP,1366,595,177.58
1772576898.1909251,Pinky DIP,1385,541,170.08
1772576898.1909251,Landmark_20,1393,493,
1772576898.259109,Landmark_0,1308,890,
1772576898.259109,Landmark_1,1195,818,
1772576898.259109,Thumb MCP,1107,740,177.57
1772576898.259109,Thumb IP,1032,679,169.37
1772576898.259109,Landmark_4,962,641,
1772576898.259109,Landmark_5,1175,642,
1772576898.259109,Index PIP,1144,568,173.53
1772576898.259109,Index DIP,1130,520,176.65
1772576898.259109,Landmark_8,1119,472,
1772576898.259109,Landmark_9,1227,627,
1772576898.259109,Middle PIP,1210,554,175.81
1772576898.259109,Middle DIP,1202,503,175.08
1772576898.259109,Landmark_12,1199,460,
1772576898.259109,Landmark_13,1280,622,
1772576898.259109,Ring PIP,1272,549,178.40
1772576898.259109,Ring DIP,1264,491,179.88
1772576898.259109,Landmark_16,1257,441,
1772576898.259109,Landmark_17,1336,634,
1772576898.259109,Pinky PIP,1344,559,176.22
1772576898.259109,Pinky DIP,1352,513,179.69
1772576898.259109,Landmark_20,1359,474,
1772576898.259454,Landmark_0,1293,835,
1772576898.259454,Landmark_1,1184,784,
1772576898.259454,Thumb MCP,1093,717,179.37
1772576898.259454,Thumb IP,1020,662,171.91
1772576898.259454,Landmark_4,953,625,
1772576898.259454,Landmark_5,1149,550,
1772576898.259454,Index PIP,1098,454,173.82
1772576898.259454,Index DIP,1072,389,176.63
1772576898.259454,Landmark_8,1053,332,
1772576898.259454,Landmark_9,1208,524,
1772576898.259454,Middle PIP,1174,416,177.85
1772576898.259454,Middle DIP,1154,343,177.21
1772576898.259454,Landmark_12,1140,280,
1772576898.259454,Landmark_13,1272,525,
1772576898.259454,Ring PIP,1256,428,178.41
1772576898.259454,Ring DIP,1244,366,176.42
1772576898.259454,Landmark_16,1230,312,
1772576898.259454,Landmark_17,1339,552,
1772576898.259454,Pinky PIP,1360,479,174.36
1772576898.259454,Pinky DIP,1369,430,174.67
1772576898.259454,Landmark_20,1373,385,
1772576898.2994199,Landmark_0,1304,818,
1772576898.2994199,Landmark_1,1192,767,
1772576898.2994199,Thumb MCP,1103,699,178.51
1772576898.2994199,Thumb IP,1027,644,167.69
1772576898.2994199,Landmark_4,956,613,
1772576898.2994199,Landmark_5,1159,546,
1772576898.2994199,Index PIP,1115,465,175.06
1772576898.2994199,Index DIP,1091,410,179.05
1772576898.2994199,Landmark_8,1071,362,
1772576898.2994199,Landmark_9,1215,521,
1772576898.2994199,Middle PIP,1188,432,175.97
1772576898.2994199,Middle DIP,1175,375,177.78
1772576898.2994199,Landmark_12,1161,323,
1772576898.2994199,Landmark_13,1277,515,
1772576898.2994199,Ring PIP,1262,433,179.10
1772576898.2994199,Ring DIP,1252,373,176.61
1772576898.2994199,Landmark_16,1239,316,
1772576898.2994199,Landmark_17,1342,535,
1772576898.2994199,Pinky PIP,1355,463,178.42
1772576898.2994199,Pinky DIP,1362,417,176.54
1772576898.2994199,Landmark_20,1366,373,
1772576898.3413818,Landmark_0,1309,773,
1772576898.3413818,Landmark_1,1199,752,
1772576898.3413818,Thumb MCP,1102,689,178.31
1772576898.3413818,Thumb IP,1024,635,172.83
1772576898.3413818,Landmark_4,953,598,
1772576898.3413818,Landmark_5,1151,510,
1772576898.3413818,Index PIP,1097,415,173.14
1772576898.3413818,Index DIP,1071,353,176.34
1772576898.3413818,Landmark_8,1053,301,
1772576898.3413818,Landmark_9,1212,481,
1772576898.3413818,Middle PIP,1176,368,178.06
1772576898.3413818,Middle DIP,1156,297,179.95
1772576898.3413818,Landmark_12,1140,240,
1772576898.3413818,Landmark_13,1279,480,
1772576898.3413818,Ring PIP,1257,380,178.37
1772576898.3413818,Ring DIP,1242,320,176.93
1772576898.3413818,Landmark_16,1226,268,
1772576898.3413818,Landmark_17,1351,502,
1772576898.3413818,Pinky PIP,1366,430,176.18
1772576898.3413818,Pinky DIP,1372,387,177.50
1772576898.3413818,Landmark_20,1376,345,
1772576898.38077,Landmark_0,1318,785,
1772576898.38077,Landmark_1,1208,759,
1772576898.38077,Thumb MCP,1106,696,177.04
1772576898.38077,Thumb IP,1025,640,171.91
1772576898.38077,Landmark_4,953,604,
1772576898.38077,Landmark_5,1157,518,
1772576898.38077,Index PIP,1097,418,175.24
1772576898.38077,Index DIP,1066,355,174.70
1772576898.38077,Landmark_8,1045,300,
1772576898.38077,Landmark_9,1218,488,
1772576898.38077,Middle PIP,1178,374,178.86
1772576898.38077,Middle DIP,1154,301,177.87
1772576898.38077,Landmark_12,1137,242,
1772576898.38077,Landmark_13,1285,486,
1772576898.38077,Ring PIP,1261,385,178.49
1772576898.38077,Ring DIP,1244,321,177.40
1772576898.38077,Landmark_16,1227,267,
1772576898.38077,Landmark_17,1354,506,
1772576898.38077,Pinky PIP,1367,433,177.50
1772576898.38077,Pinky DIP,1373,388,179.36
1772576898.38077,Landmark_20,1378,347,
1772576898.465812,Landmark_0,1323,801,
1772576898.465812,Landmark_1,1212,776,
1772576898.465812,Thumb MCP,1107,716,177.36
1772576898.465812,Thumb IP,1025,664,173.56
1772576898.465812,Landmark_4,951,628,
1772576898.465812,Landmark_5,1155,536,
1772576898.465812,Index PIP,1091,438,174.15
1772576898.465812,Index DIP,1059,376,173.60
1772576898.465812,Landmark_8,1038,321,
1772576898.465812,Landmark_9,1216,504,
1772576898.465812,Middle PIP,1169,390,176.50
1772576898.465812,Middle DIP,1144,317,178.95
1772576898.465812,Landmark_12,1125,258,
1772576898.465812,Landmark_13,1284,501,
1772576898.465812,Ring PIP,1257,396,178.13
1772576898.465812,Ring DIP,1238,331,179.69
1772576898.465812,Landmark_16,1221,274,
1772576898.465812,Landmark_17,1356,521,
1772576898.465812,Pinky PIP,1367,446,179.95
1772576898.465812,Pinky DIP,1374,398,176.90
1772576898.465812,Landmark_20,1378,354,
1772576898.54922,Landmark_0,1320,804,
1772576898.54922,Landmark_1,1211,778,
1772576898.54922,Thumb MCP,1108,722,176.47
1772576898.54922,Thumb IP,1025,670,174.50
1772576898.54922,Landmark_4,953,634,
1772576898.54922,Landmark_5,1156,541,
1772576898.54922,Index PIP,1095,441,175.54
1772576898.54922,Index DIP,1063,378,173.30
1772576898.54922,Landmark_8,1042,321,
1772576898.54922,Landmark_9,1217,510,
1772576898.54922,Middle PIP,1174,393,178.26
1772576898.54922,Middle DIP,1149,318,179.72
1772576898.54922,Landmark_12,1129,257,
1772576898.54922,Landmark_13,1285,508,
1772576898.54922,Ring PIP,1260,404,176.90
1772576898.54922,Ring DIP,1240,337,178.19
1772576898.54922,Landmark_16,1221,280,
1772576898.54922,Landmark_17,1354,528,
1772576898.54922,Pinky PIP,1367,453,178.30
1772576898.54922,Pinky DIP,1374,404,178.21
1772576898.54922,Landmark_20,1379,359,
1772576898.632843,Landmark_0,1318,800,
1772576898.632843,Landmark_1,1209,777,
1772576898.632843,Thumb MCP,1107,722,175.14
1772576898.632843,Thumb IP,1026,669,174.96
1772576898.632843,Landmark_4,955,631,
1772576898.632843,Landmark_5,1154,541,
1772576898.632843,Index PIP,1095,441,176.39
1772576898.632843,Index DIP,1063,378,173.63
1772576898.632843,Landmark_8,1042,322,
1772576898.632843,Landmark_9,1215,510,
1772576898.632843,Middle PIP,1174,393,178.66
1772576898.632843,Middle DIP,1150,319,179.33
1772576898.632843,Landmark_12,1131,258,
1772576898.632843,Landmark_13,1282,507,
1772576898.632843,Ring PIP,1259,404,176.76
1772576898.632843,Ring DIP,1240,337,178.59
1772576898.632843,Landmark_16,1222,279,
1772576898.632843,Landmark_17,1352,527,
1772576898.632843,Pinky PIP,1366,452,178.70
1772576898.632843,Pinky DIP,1374,403,178.32
1772576898.632843,Landmark_20,1380,358,
1772576898.7161531,Landmark_0,1323,795,
1772576898.7161531,Landmark_1,1214,773,
1772576898.7161531,Thumb MCP,1113,718,176.37
1772576898.7161531,Thumb IP,1032,667,174.05
1772576898.7161531,Landmark_4,961,632,
1772576898.7161531,Landmark_5,1156,539,
1772576898.7161531,Index PIP,1098,441,176.32
1772576898.7161531,Index DIP,1067,380,174.51
1772576898.7161531,Landmark_8,1045,324,
1772576898.7161531,Landmark_9,1217,508,
1772576898.7161531,Middle PIP,1175,393,178.60
1772576898.7161531,Middle DIP,1150,319,179.94
1772576898.7161531,Landmark_12,1130,260,
1772576898.7161531,Landmark_13,1284,504,
1772576898.7161531,Ring PIP,1260,400,176.70
1772576898.7161531,Ring DIP,1241,335,178.48
1772576898.7161531,Landmark_16,1223,279,
1772576898.7161531,Landmark_17,1354,522,
1772576898.7161531,Pinky PIP,1371,448,176.33
1772576898.7161531,Pinky DIP,1379,399,178.16
1772576898.7161531,Landmark_20,1385,353,
1772576898.789078,Landmark_0,1332,788,
1772576898.789078,Landmark_1,1226,764,
1772576898.789078,Thumb MCP,1124,707,174.46
1772576898.789078,Thumb IP,1049,655,168.06
1772576898.789078,Landmark_4,980,626,
1772576898.789078,Landmark_5,1169,538,
1772576898.789078,Index PIP,1116,436,173.01
1772576898.789078,Index DIP,1091,369,175.61
1772576898.789078,Landmark_8,1074,310,
1772576898.789078,Landmark_9,1230,510,
1772576898.789078,Middle PIP,1198,394,174.31
1772576898.789078,Middle DIP,1186,324,177.04
1772576898.789078,Landmark_12,1179,265,
1772576898.789078,Landmark_13,1294,506,
1772576898.789078,Ring PIP,1275,396,178.98
1772576898.789078,Ring DIP,1262,328,178.60
1772576898.789078,Landmark_16,1249,268,
1772576898.789078,Landmark_17,1363,521,
1772576898.789078,Pinky PIP,1380,435,178.33
1772576898.789078,Pinky DIP,1393,378,176.61
1772576898.789078,Landmark_20,1402,324,
1772576898.867475,Landmark_0,1346,777,
1772576898.867475,Landmark_1,1241,748,
1772576898.867475,Thumb MCP,1146,688,173.52
1772576898.867475,Thumb IP,1075,631,170.52
1772576898.867475,Landmark_4,1009,594,
1772576898.867475,Landmark_5,1183,533,
1772576898.867475,Index PIP,1151,443,172.15
1772576898.867475,Index DIP,1140,390,176.04
1772576898.867475,Landmark_8,1134,346,
1772576898.867475,Landmark_9,1246,506,
1772576898.867475,Middle PIP,1220,411,158.52
1772576898.867475,Middle DIP,1224,374,143.90
1772576898.867475,Landmark_12,1234,363,
1772576898.867475,Landmark_13,1310,500,
1772576898.867475,Ring PIP,1296,407,175.43
1772576898.867475,Ring DIP,1293,364,168.24
1772576898.867475,Landmark_16,1296,342,
1772576898.867475,Landmark_17,1379,513,
1772576898.867475,Pinky PIP,1392,424,179.41
1772576898.867475,Pinky DIP,1400,365,178.63
1772576898.867475,Landmark_20,1408,315,
1772576898.953059,Landmark_0,1354,759,
1772576898.953059,Landmark_1,1258,738,
1772576898.953059,Thumb MCP,1162,663,174.27
1772576898.953059,Thumb IP,1093,597,172.18
1772576898.953059,Landmark_4,1035,555,
1772576898.953059,Landmark_5,1197,538,
1772576898.953059,Index PIP,1171,486,3.73
1772576898.953059,Index DIP,1187,524,175.46
1772576898.953059,Landmark_8,1216,580,
1772576898.953059,Landmark_9,1248,498,
1772576898.953059,Middle PIP,1210,403,160.32
1772576898.953059,Middle DIP,1209,376,59.98
1772576898.953059,Landmark_12,1226,385,
1772576898.953059,Landmark_13,1307,487,
1772576898.953059,Ring PIP,1287,403,176.69
1772576898.953059,Ring DIP,1279,358,174.89
1772576898.953059,Landmark_16,1277,335,
1772576898.953059,Landmark_17,1372,496,
1772576898.953059,Pinky PIP,1379,421,179.24
1772576898.953059,Pinky DIP,1383,371,176.89
1772576898.953059,Landmark_20,1384,332,
1772576899.0372128,Landmark_0,1357,746,
1772576899.0372128,Landmark_1,1253,716,
1772576899.0372128,Thumb MCP,1161,636,175.61
1772576899.0372128,Thumb IP,1089,563,176.79
1772576899.0372128,Landmark_4,1037,504,
1772576899.0372128,Landmark_5,1191,535,
1772576899.0372128,Index PIP,1166,484,4.06
1772576899.0372128,Index DIP,1191,527,178.62
1772576899.0372128,Landmark_8,1226,584,
1772576899.0372128,Landmark_9,1241,496,
1772576899.0372128,Middle PIP,1203,403,166.52
1772576899.0372128,Middle DIP,1201,390,29.13
1772576899.0372128,Landmark_12,1215,408,
1772576899.0372128,Landmark_13,1298,480,
1772576899.0372128,Ring PIP,1278,396,178.92
1772576899.0372128,Ring DIP,1270,365,174.99
1772576899.0372128,Landmark_16,1268,353,
1772576899.0372128,Landmark_17,1359,483,
1772576899.0372128,Pinky PIP,1363,408,174.40
1772576899.0372128,Pinky DIP,1361,363,173.33
1772576899.0372128,Landmark_20,1355,326,
1772576899.120833,Landmark_0,1349,727,
1772576899.120833,Landmark_1,1244,695,
1772576899.120833,Thumb MCP,1152,619,173.34
1772576899.120833,Thumb IP,1083,547,169.30
1772576899.120833,Landmark_4,1040,481,
1772576899.120833,Landmark_5,1186,523,
1772576899.120833,Index PIP,1161,476,2.40
1772576899.120833,Index DIP,1188,522,177.42
1772576899.120833,Landmark_8,1225,579,
1772576899.120833,Landmark_9,1235,485,
1772576899.120833,Middle PIP,1197,393,171.59
1772576899.120833,Middle DIP,1195,385,18.99
1772576899.120833,Landmark_12,1208,405,
1772576899.120833,Landmark_13,1291,468,
1772576899.120833,Ring PIP,1270,385,173.43
1772576899.120833,Ring DIP,1259,356,168.30
1772576899.120833,Landmark_16,1252,345,
1772576899.120833,Landmark_17,1351,470,
1772576899.120833,Pinky PIP,1351,394,173.93
1772576899.120833,Pinky DIP,1346,347,169.52
1772576899.120833,Landmark_20,1335,310,
1772576899.188691,Landmark_0,1341,709,
1772576899.188691,Landmark_1,1235,678,
1772576899.188691,Thumb MCP,1144,602,172.41
1772576899.188691,Thumb IP,1077,529,169.93
1772576899.188691,Landmark_4,1035,463,
1772576899.188691,Landmark_5,1178,509,
1772576899.188691,Index PIP,1158,463,8.18
1772576899.188691,Index DIP,1187,510,179.14
1772576899.188691,Landmark_8,1224,568,
1772576899.188691,Landmark_9,1228,472,
1772576899.188691,Middle PIP,1192,379,174.60
1772576899.188691,Middle DIP,1189,373,3.37
1772576899.188691,Landmark_12,1198,394,
1772576899.188691,Landmark_13,1285,454,
1772576899.188691,Ring PIP,1266,372,171.24
1772576899.188691,Ring DIP,1254,342,164.93
1772576899.188691,Landmark_16,1245,330,
1772576899.188691,Landmark_17,1344,453,
1772576899.188691,Pinky PIP,1346,377,173.63
1772576899.188691,Pinky DIP,1342,330,171.87
1772576899.188691,Landmark_20,1333,291,
1772576899.272363,Landmark_0,1339,698,
1772576899.272363,Landmark_1,1231,669,
1772576899.272363,Thumb MCP,1139,591,172.37
1772576899.272363,Thumb IP,1074,519,171.20
1772576899.272363,Landmark_4,1032,455,
1772576899.272363,Landmark_5,1177,498,
1772576899.272363,Index PIP,1156,450,6.35
1772576899.272363,Index DIP,1186,502,177.03
1772576899.272363,Landmark_8,1221,556,
1772576899.272363,Landmark_9,1226,462,
1772576899.272363,Middle PIP,1192,379,177.95
1772576899.272363,Middle DIP,1185,360,178.21
1772576899.272363,Landmark_12,1183,354,
1772576899.272363,Landmark_13,1282,446,
1772576899.272363,Ring PIP,1263,365,175.17
1772576899.272363,Ring DIP,1249,322,175.65
1772576899.272363,Landmark_16,1235,288,
1772576899.272363,Landmark_17,1342,443,
1772576899.272363,Pinky PIP,1343,368,175.66
1772576899.272363,Pinky DIP,1340,320,173.50
1772576899.272363,Landmark_20,1332,275,
1772576899.3561459,Landmark_0,1337,691,
1772576899.3561459,Landmark_1,1228,662,
1772576899.3561459,Thumb MCP,1138,586,172.69
1772576899.3561459,Thumb IP,1072,514,170.55
1772576899.3561459,Landmark_4,1031,451,
1772576899.3561459,Landmark_5,1181,492,
1772576899.3561459,Index PIP,1155,442,0.89
1772576899.3561459,Index DIP,1182,492,174.68
1772576899.3561459,Landmark_8,1214,540,
1772576899.3561459,Landmark_9,1226,456,
1772576899.3561459,Middle PIP,1195,379,171.39
1772576899.3561459,Middle DIP,1186,341,177.68
1772576899.3561459,Landmark_12,1179,305,
1772576899.3561459,Landmark_13,1280,440,
1772576899.3561459,Ring PIP,1261,354,178.18
1772576899.3561459,Ring DIP,1247,299,176.93
1772576899.3561459,Landmark_16,1232,251,
1772576899.3561459,Landmark_17,1338,437,
1772576899.3561459,Pinky PIP,1339,361,176.86
1772576899.3561459,Pinky DIP,1337,313,175.11
1772576899.3561459,Landmark_20,1331,266,
1772576899.4340858,Landmark_0,1326,677,
1772576899.4340858,Landmark_1,1224,653,
1772576899.4340858,Thumb MCP,1134,580,170.68
1772576899.4340858,Thumb IP,1070,508,170.37
1772576899.4340858,Landmark_4,1030,444,
1772576899.4340858,Landmark_5,1174,486,
1772576899.4340858,Index PIP,1146,434,0.83
1772576899.4340858,Index DIP,1172,484,174.33
1772576899.4340858,Landmark_8,1204,533,
1772576899.4340858,Landmark_9,1218,448,
1772576899.4340858,Middle PIP,1187,368,172.85
1772576899.4340858,Middle DIP,1175,320,177.52
1772576899.4340858,Landmark_12,1166,276,
1772576899.4340858,Landmark_13,1271,431,
1772576899.4340858,Ring PIP,1248,336,178.62
1772576899.4340858,Ring DIP,1235,276,178.69
1772576899.4340858,Landmark_16,1222,222,
1772576899.4340858,Landmark_17,1329,431,
1772576899.4340858,Pinky PIP,1329,356,177.75
1772576899.4340858,Pinky DIP,1327,305,176.30
1772576899.4340858,Landmark_20,1322,257,
1772576899.518896,Landmark_0,1316,670,
1772576899.518896,Landmark_1,1211,644,
1772576899.518896,Thumb MCP,1123,571,173.82
1772576899.518896,Thumb IP,1057,503,166.06
1772576899.518896,Landmark_4,1018,436,
1772576899.518896,Landmark_5,1168,475,
1772576899.518896,Index PIP,1138,419,4.60
1772576899.518896,Index DIP,1162,474,173.46
1772576899.518896,Landmark_8,1191,524,
1772576899.518896,Landmark_9,1215,445,
1772576899.518896,Middle PIP,1185,370,2.74
1772576899.518896,Middle DIP,1206,416,179.76
1772576899.518896,Landmark_12,1224,455,
1772576899.518896,Landmark_13,1266,430,
1772576899.518896,Ring PIP,1241,330,175.95
1772576899.518896,Ring DIP,1225,281,178.28
1772576899.518896,Landmark_16,1207,231,
1772576899.518896,Landmark_17,1316,430,
1772576899.518896,Pinky PIP,1308,357,179.95
1772576899.518896,Pinky DIP,1303,311,173.55
1772576899.518896,Landmark_20,1292,262,
1772576899.594451,Landmark_0,1307,662,
1772576899.594451,Landmark_1,1202,633,
1772576899.594451,Thumb MCP,1111,560,172.83
1772576899.594451,Thumb IP,1049,496,163.49
1772576899.594451,Landmark_4,1014,429,
1772576899.594451,Landmark_5,1151,473,
1772576899.594451,Index PIP,1116,400,4.24
1772576899.594451,Index DIP,1125,423,175.55
1772576899.594451,Landmark_8,1140,454,
1772576899.594451,Landmark_9,1203,450,
1772576899.594451,Middle PIP,1168,394,8.51
1772576899.594451,Middle DIP,1198,463,176.53
1772576899.594451,Landmark_12,1227,520,
1772576899.594451,Landmark_13,1254,433,
1772576899.594451,Ring PIP,1225,344,173.60
1772576899.594451,Ring DIP,1205,300,177.88
1772576899.594451,Landmark_16,1184,258,
1772576899.594451,Landmark_17,1305,424,
1772576899.594451,Pinky PIP,1287,350,177.40
1772576899.594451,Pinky DIP,1278,304,173.72
1772576899.594451,Landmark_20,1263,256,
1772576899.6783779,Landmark_0,1308,646,
1772576899.6783779,Landmark_1,1200,620,
1772576899.6783779,Thumb MCP,1108,544,167.56
1772576899.6783779,Thumb IP,1058,480,172.31
1772576899.6783779,Landmark_4,1020,415,
1772576899.6783779,Landmark_5,1150,475,
1772576899.6783779,Index PIP,1122,406,165.61
1772576899.6783779,Index DIP,1117,369,164.50
1772576899.6783779,Landmark_8,1102,334,
1772576899.6783779,Landmark_9,1203,451,
1772576899.6783779,Middle PIP,1167,412,17.69
1772576899.6783779,Middle DIP,1195,472,176.78
1772576899.6783779,Landmark_12,1224,526,
1772576899.6783779,Landmark_13,1251,431,
1772576899.6783779,Ring PIP,1223,356,179.06
1772576899.6783779,Ring DIP,1203,305,177.91
1772576899.6783779,Landmark_16,1183,259,
1772576899.6783779,Landmark_17,1303,415,
1772576899.6783779,Pinky PIP,1284,341,176.44
1772576899.6783779,Pinky DIP,1275,294,171.66
1772576899.6783779,Landmark_20,1259,248,
1772576899.7574642,Landmark_0,1299,638,
1772576899.7574642,Landmark_1,1199,614,
1772576899.7574642,Thumb MCP,1111,538,168.09
1772576899.7574642,Thumb IP,1060,471,174.89
1772576899.7574642,Landmark_4,1021,409,
1772576899.7574642,Landmark_5,1147,472,
1772576899.7574642,Index PIP,1116,392,167.29
1772576899.7574642,Index DIP,1109,345,175.94
1772576899.7574642,Landmark_8,1099,300,
1772576899.7574642,Landmark_9,1198,446,
1772576899.7574642,Middle PIP,1170,406,12.24
1772576899.7574642,Middle DIP,1196,468,177.91
1772576899.7574642,Landmark_12,1221,522,
1772576899.7574642,Landmark_13,1249,425,
1772576899.7574642,Ring PIP,1225,351,179.13
1772576899.7574642,Ring DIP,1209,299,174.85
1772576899.7574642,Landmark_16,1191,255,
1772576899.7574642,Landmark_17,1299,413,
1772576899.7574642,Pinky PIP,1281,338,176.51
1772576899.7574642,Pinky DIP,1272,287,171.57
1772576899.7574642,Landmark_20,1256,239,
1772576899.8369348,Landmark_0,1297,631,
1772576899.8369348,Landmark_1,1196,608,
1772576899.8369348,Thumb MCP,1108,533,168.67
1772576899.8369348,Thumb IP,1056,467,171.51
1772576899.8369348,Landmark_4,1020,404,
1772576899.8369348,Landmark_5,1142,465,
1772576899.8369348,Index PIP,1112,380,172.09
1772576899.8369348,Index DIP,1102,331,179.27
1772576899.8369348,Landmark_8,1092,285,
1772576899.8369348,Landmark_9,1195,439,
1772576899.8369348,Middle PIP,1167,397,12.35
1772576899.8369348,Middle DIP,1192,461,178.27
1772576899.8369348,Landmark_12,1215,515,
1772576899.8369348,Landmark_13,1248,419,
1772576899.8369348,Ring PIP,1226,347,179.47
1772576899.8369348,Ring DIP,1213,303,171.68
1772576899.8369348,Landmark_16,1195,264,
1772576899.8369348,Landmark_17,1299,406,
1772576899.8369348,Pinky PIP,1281,329,177.94
1772576899.8369348,Pinky DIP,1271,278,172.32
1772576899.8369348,Landmark_20,1254,228,
1772576899.9209678,Landmark_0,1293,623,
1772576899.9209678,Landmark_1,1196,602,
1772576899.9209678,Thumb MCP,1105,530,165.88
1772576899.9209678,Thumb IP,1052,461,172.01
1772576899.9209678,Landmark_4,1018,401,
1772576899.9209678,Landmark_5,1135,451,
1772576899.9209678,Index PIP,1104,370,173.09
1772576899.9209678,Index DIP,1092,322,179.70
1772576899.9209678,Landmark_8,1081,277,
1772576899.9209678,Landmark_9,1184,427,
1772576899.9209678,Middle PIP,1157,374,9.64
1772576899.9209678,Middle DIP,1177,438,178.60
1772576899.9209678,Landmark_12,1195,491,
1772576899.9209678,Landmark_13,1235,409,
1772576899.9209678,Ring PIP,1207,337,14.91
1772576899.9209678,Ring DIP,1211,373,179.83
1772576899.9209678,Landmark_16,1215,410,
1772576899.9209678,Landmark_17,1288,398,
1772576899.9209678,Pinky PIP,1264,319,179.20
1772576899.9209678,Pinky DIP,1249,272,176.85
1772576899.9209678,Landmark_20,1233,230,
1772576900.001973,Landmark_0,1274,619,
1772576900.001973,Landmark_1,1179,596,
1772576900.001973,Thumb MCP,1091,523,166.82
1772576900.001973,Thumb IP,1041,457,168.65
1772576900.001973,Landmark_4,1012,397,
1772576900.001973,Landmark_5,1119,438,
1772576900.001973,Index PIP,1084,362,177.28
1772576900.001973,Index DIP,1065,315,178.68
1772576900.001973,Landmark_8,1048,270,
1772576900.001973,Landmark_9,1167,423,
1772576900.001973,Middle PIP,1143,351,18.43
1772576900.001973,Middle DIP,1143,400,175.52
1772576900.001973,Landmark_12,1147,451,
1772576900.001973,Landmark_13,1219,419,
1772576900.001973,Ring PIP,1201,379,25.11
1772576900.001973,Ring DIP,1200,444,178.59
1772576900.001973,Landmark_16,1198,494,
1772576900.001973,Landmark_17,1272,421,
1772576900.001973,Pinky PIP,1252,349,177.09
1772576900.001973,Pinky DIP,1237,304,178.03
1772576900.001973,Landmark_20,1221,261,
1772576900.081474,Landmark_0,1258,619,
1772576900.081474,Landmark_1,1163,594,
1772576900.081474,Thumb MCP,1081,520,169.23
1772576900.081474,Thumb IP,1034,458,173.09
1772576900.081474,Landmark_4,999,398,
1772576900.081474,Landmark_5,1103,442,
1772576900.081474,Index PIP,1061,360,178.56
1772576900.081474,Index DIP,1036,308,176.94
1772576900.081474,Landmark_8,1016,260,
1772576900.081474,Landmark_9,1149,429,
1772576900.081474,Middle PIP,1125,360,144.72
1772576900.081474,Middle DIP,1111,350,137.34
1772576900.081474,Landmark_12,1103,351,
1772576900.081474,Landmark_13,1200,427,
1772576900.081474,Ring PIP,1184,396,28.19
1772576900.081474,Ring DIP,1183,460,177.53
1772576900.081474,Landmark_16,1180,511,
1772576900.081474,Landmark_17,1252,428,
1772576900.081474,Pinky PIP,1227,371,175.92
1772576900.081474,Pinky DIP,1207,333,179.37
1772576900.081474,Landmark_20,1187,296,
1772576900.163737,Landmark_0,1252,618,
1772576900.163737,Landmark_1,1154,588,
1772576900.163737,Thumb MCP,1072,523,168.60
1772576900.163737,Thumb IP,1023,465,168.94
1772576900.163737,Landmark_4,989,404,
1772576900.163737,Landmark_5,1094,446,
1772576900.163737,Index PIP,1044,360,177.30
1772576900.163737,Index DIP,1018,310,176.02
1772576900.163737,Landmark_8,998,264,
1772576900.163737,Landmark_9,1141,430,
1772576900.163737,Middle PIP,1104,357,174.92
1772576900.163737,Middle DIP,1082,302,173.66
1772576900.163737,Landmark_12,1069,255,
1772576900.163737,Landmark_13,1192,430,
1772576900.163737,Ring PIP,1163,402,46.87
1772576900.163737,Ring DIP,1162,468,178.03
1772576900.163737,Landmark_16,1163,520,
1772576900.163737,Landmark_17,1244,432,
1772576900.163737,Pinky PIP,1222,384,150.78
1772576900.163737,Pinky DIP,1196,365,175.67
1772576900.163737,Landmark_20,1167,347,
1772576900.237257,Landmark_0,1250,616,
1772576900.237257,Landmark_1,1156,586,
1772576900.237257,Thumb MCP,1075,517,170.23
1772576900.237257,Thumb IP,1025,457,172.98
1772576900.237257,Landmark_4,987,398,
1772576900.237257,Landmark_5,1097,443,
1772576900.237257,Index PIP,1046,356,175.30
1772576900.237257,Index DIP,1021,304,176.33
1772576900.237257,Landmark_8,1002,257,
1772576900.237257,Landmark_9,1142,426,
1772576900.237257,Middle PIP,1102,340,173.21
1772576900.237257,Middle DIP,1082,279,173.38
1772576900.237257,Landmark_12,1072,230,
1772576900.237257,Landmark_13,1192,426,
1772576900.237257,Ring PIP,1162,400,47.35
1772576900.237257,Ring DIP,1164,466,176.54
1772576900.237257,Landmark_16,1169,521,
1772576900.237257,Landmark_17,1244,430,
1772576900.237257,Pinky PIP,1223,378,128.25
1772576900.237257,Pinky DIP,1199,371,161.45
1772576900.237257,Landmark_20,1174,372,
1772576900.320545,Landmark_0,1259,608,
1772576900.320545,Landmark_1,1164,581,
1772576900.320545,Thumb MCP,1082,512,168.96
1772576900.320545,Thumb IP,1032,450,173.21
1772576900.320545,Landmark_4,995,391,
1772576900.320545,Landmark_5,1102,431,
1772576900.320545,Index PIP,1051,345,173.61
1772576900.320545,Index DIP,1028,294,176.85
1772576900.320545,Landmark_8,1011,250,
1772576900.320545,Landmark_9,1150,414,
1772576900.320545,Middle PIP,1112,325,172.21
1772576900.320545,Middle DIP,1095,263,174.13
1772576900.320545,Landmark_12,1087,215,
1772576900.320545,Landmark_13,1201,416,
1772576900.320545,Ring PIP,1171,390,49.09
1772576900.320545,Ring DIP,1171,459,176.88
1772576900.320545,Landmark_16,1174,514,
1772576900.320545,Landmark_17,1253,424,
1772576900.320545,Pinky PIP,1234,374,135.25
1772576900.320545,Pinky DIP,1212,364,162.14
1772576900.320545,Landmark_20,1186,361,
1772576900.397505,Landmark_0,1263,599,
1772576900.397505,Landmark_1,1170,573,
1772576900.397505,Thumb MCP,1090,503,168.62
1772576900.397505,Thumb IP,1041,439,179.43
1772576900.397505,Landmark_4,999,383,
1772576900.397505,Landmark_5,1107,424,
1772576900.397505,Index PIP,1058,340,175.84
1772576900.397505,Index DIP,1034,291,174.19
1772576900.397505,Landmark_8,1017,245,
1772576900.397505,Landmark_9,1154,406,
1772576900.397505,Middle PIP,1117,312,174.46
1772576900.397505,Middle DIP,1099,249,174.55
1772576900.397505,Landmark_12,1089,195,
1772576900.397505,Landmark_13,1205,406,
1772576900.397505,Ring PIP,1172,386,55.56
1772576900.397505,Ring DIP,1176,457,173.27
1772576900.397505,Landmark_16,1186,514,
1772576900.397505,Landmark_17,1255,410,
1772576900.397505,Pinky PIP,1220,367,72.83
1772576900.397505,Pinky DIP,1198,400,168.62
1772576900.397505,Landmark_20,1182,439,
1772576900.4797518,Landmark_0,1260,591,
1772576900.4797518,Landmark_1,1170,571,
1772576900.4797518,Thumb MCP,1092,499,168.49
1772576900.4797518,Thumb IP,1043,431,176.98
1772576900.4797518,Landmark_4,1002,380,
1772576900.4797518,Landmark_5,1106,405,
1772576900.4797518,Index PIP,1067,330,177.06
1772576900.4797518,Index DIP,1046,284,176.32
1772576900.4797518,Landmark_8,1030,242,
1772576900.4797518,Landmark_9,1157,388,
1772576900.4797518,Middle PIP,1128,285,179.61
1772576900.4797518,Middle DIP,1111,223,173.64
1772576900.4797518,Landmark_12,1102,166,
1772576900.4797518,Landmark_13,1213,395,
1772576900.4797518,Ring PIP,1192,335,24.84
1772576900.4797518,Ring DIP,1185,407,176.61
1772576900.4797518,Landmark_16,1183,460,
1772576900.4797518,Landmark_17,1269,416,
1772576900.4797518,Pinky PIP,1241,387,57.29
1772576900.4797518,Pinky DIP,1228,442,173.18
1772576900.4797518,Landmark_20,1223,486,
1772576900.562258,Landmark_0,1249,595,
1772576900.562258,Landmark_1,1163,569,
1772576900.562258,Thumb MCP,1090,491,172.83
1772576900.562258,Thumb IP,1040,422,175.14
1772576900.562258,Landmark_4,996,371,
1772576900.562258,Landmark_5,1112,400,
1772576900.562258,Index PIP,1084,319,178.11
1772576900.562258,Index DIP,1066,272,176.33
1772576900.562258,Landmark_8,1052,227,
1772576900.562258,Landmark_9,1162,388,
1772576900.562258,Middle PIP,1146,281,178.60
1772576900.562258,Middle DIP,1135,218,174.04
1772576900.562258,Landmark_12,1131,160,
1772576900.562258,Landmark_13,1216,398,
1772576900.562258,Ring PIP,1201,336,24.04
1772576900.562258,Ring DIP,1187,412,173.58
1772576900.562258,Landmark_16,1183,469,
1772576900.562258,Landmark_17,1268,421,
1772576900.562258,Pinky PIP,1237,402,73.24
1772576900.562258,Pinky DIP,1222,459,170.57
1772576900.562258,Landmark_20,1218,502,
1772576900.638015,Landmark_0,1241,596,
1772576900.638015,Landmark_1,1157,574,
1772576900.638015,Thumb MCP,1086,493,172.27
1772576900.638015,Thumb IP,1039,422,173.47
1772576900.638015,Landmark_4,997,372,
1772576900.638015,Landmark_5,1114,398,
1772576900.638015,Index PIP,1089,313,177.61
1772576900.638015,Index DIP,1072,263,175.84
1772576900.638015,Landmark_8,1060,217,
1772576900.638015,Landmark_9,1165,387,
1772576900.638015,Middle PIP,1152,279,179.85
1772576900.638015,Middle DIP,1144,214,173.97
1772576900.638015,Landmark_12,1143,156,
1772576900.638015,Landmark_13,1217,399,
1772576900.638015,Ring PIP,1203,342,26.00
1772576900.638015,Ring DIP,1187,416,172.90
1772576900.638015,Landmark_16,1182,472,
1772576900.638015,Landmark_17,1267,423,
1772576900.638015,Pinky PIP,1239,405,72.20
1772576900.638015,Pinky DIP,1223,465,171.55
1772576900.638015,Landmark_20,1218,509,
1772576900.7209759,Landmark_0,1243,596,
1772576900.7209759,Landmark_1,1158,577,
1772576900.7209759,Thumb MCP,1084,496,170.16
1772576900.7209759,Thumb IP,1038,424,173.78
1772576900.7209759,Landmark_4,997,373,
1772576900.7209759,Landmark_5,1115,396,
1772576900.7209759,Index PIP,1089,309,178.54
1772576900.7209759,Index DIP,1072,257,175.07
1772576900.7209759,Landmark_8,1061,210,
1772576900.7209759,Landmark_9,1168,385,
1772576900.7209759,Middle PIP,1154,279,179.52
1772576900.7209759,Middle DIP,1145,215,173.00
1772576900.7209759,Landmark_12,1144,158,
1772576900.7209759,Landmark_13,1221,396,
1772576900.7209759,Ring PIP,1207,342,28.39
1772576900.7209759,Ring DIP,1189,415,172.61
1772576900.7209759,Landmark_16,1183,468,
1772576900.7209759,Landmark_17,1271,419,
1772576900.7209759,Pinky PIP,1242,406,81.53
1772576900.7209759,Pinky DIP,1226,463,169.89
1772576900.7209759,Landmark_20,1222,504,
1772576900.800521,Landmark_0,1250,595,
1772576900.800521,Landmark_1,1160,574,
1772576900.800521,Thumb MCP,1082,502,169.58
1772576900.800521,Thumb IP,1031,434,174.88
1772576900.800521,Landmark_4,986,384,
1772576900.800521,Landmark_5,1119,392,
1772576900.800521,Index PIP,1089,306,177.87
1772576900.800521,Index DIP,1073,254,175.80
1772576900.800521,Landmark_8,1062,206,
1772576900.800521,Landmark_9,1174,383,
1772576900.800521,Middle PIP,1164,295,174.08
1772576900.800521,Middle DIP,1153,245,173.67
1772576900.800521,Landmark_12,1148,198,
1772576900.800521,Landmark_13,1228,395,
1772576900.800521,Ring PIP,1220,340,22.70
1772576900.800521,Ring DIP,1202,410,173.10
1772576900.800521,Landmark_16,1195,463,
1772576900.800521,Landmark_17,1281,420,
1772576900.800521,Pinky PIP,1255,403,74.30
1772576900.800521,Pinky DIP,1238,457,168.10
1772576900.800521,Landmark_20,1234,498,
1772576900.8827689,Landmark_0,1260,590,
1772576900.8827689,Landmark_1,1167,565,
1772576900.8827689,Thumb MCP,1092,502,170.10
1772576900.8827689,Thumb IP,1039,439,161.90
1772576900.8827689,Landmark_4,1016,382,
1772576900.8827689,Landmark_5,1128,390,
1772576900.8827689,Index PIP,1096,306,174.95
1772576900.8827689,Index DIP,1081,253,172.67
1772576900.8827689,Landmark_8,1074,206,
1772576900.8827689,Landmark_9,1180,381,
1772576900.8827689,Middle PIP,1173,300,167.70
1772576900.8827689,Middle DIP,1164,271,176.15
1772576900.8827689,Landmark_12,1159,250,
1772576900.8827689,Landmark_13,1234,390,
1772576900.8827689,Ring PIP,1228,316,15.95
1772576900.8827689,Ring DIP,1215,381,173.88
1772576900.8827689,Landmark_16,1210,436,
1772576900.8827689,Landmark_17,1290,413,
1772576900.8827689,Pinky PIP,1270,375,45.11
1772576900.8827689,Pinky DIP,1255,423,168.36
1772576900.8827689,Landmark_20,1251,463,
1772576900.968491,Landmark_0,1266,588,
1772576900.968491,Landmark_1,1186,559,
1772576900.968491,Thumb MCP,1133,497,132.59
1772576900.968491,Thumb IP,1140,439,150.85
1772576900.968491,Landmark_4,1164,406,
1772576900.968491,Landmark_5,1130,382,
1772576900.968491,Index PIP,1090,300,173.38
1772576900.968491,Index DIP,1071,246,175.55
1772576900.968491,Landmark_8,1059,201,
1772576900.968491,Landmark_9,1182,360,
1772576900.968491,Middle PIP,1158,276,172.33
1772576900.968491,Middle DIP,1150,221,173.03
1772576900.968491,Landmark_12,1149,177,
1772576900.968491,Landmark_13,1237,360,
1772576900.968491,Ring PIP,1231,278,174.51
1772576900.968491,Ring DIP,1232,234,178.70
1772576900.968491,Landmark_16,1232,199,
1772576900.968491,Landmark_17,1293,376,
1772576900.968491,Pinky PIP,1301,313,176.28
1772576900.968491,Pinky DIP,1307,282,178.14
1772576900.968491,Landmark_20,1311,257,
1772576901.042773,Landmark_0,1288,578,
1772576901.042773,Landmark_1,1217,545,
1772576901.042773,Thumb MCP,1174,473,116.85
1772576901.042773,Thumb IP,1217,405,140.45
1772576901.042773,Landmark_4,1275,386,
1772576901.042773,Landmark_5,1134,387,
1772576901.042773,Index PIP,1081,306,173.78
1772576901.042773,Index DIP,1053,251,176.98
1772576901.042773,Landmark_8,1033,206,
1772576901.042773,Landmark_9,1183,358,
1772576901.042773,Middle PIP,1146,264,174.70
1772576901.042773,Middle DIP,1128,202,177.31
1772576901.042773,Landmark_12,1116,152,
1772576901.042773,Landmark_13,1239,352,
1772576901.042773,Ring PIP,1217,262,179.24
1772576901.042773,Ring DIP,1202,204,177.51
1772576901.042773,Landmark_16,1192,157,
1772576901.042773,Landmark_17,1298,362,
1772576901.042773,Pinky PIP,1319,297,179.38
1772576901.042773,Pinky DIP,1333,252,176.03
1772576901.042773,Landmark_20,1347,216,
1772576901.121289,Landmark_0,1299,576,
1772576901.121289,Landmark_1,1232,542,
1772576901.121289,Thumb MCP,1192,470,121.75
1772576901.121289,Thumb IP,1230,402,134.19
1772576901.121289,Landmark_4,1286,387,
1772576901.121289,Landmark_5,1144,381,
1772576901.121289,Index PIP,1088,301,175.33
1772576901.121289,Index DIP,1057,248,178.29
1772576901.121289,Landmark_8,1033,204,
1772576901.121289,Landmark_9,1190,355,
1772576901.121289,Middle PIP,1146,265,176.57
1772576901.121289,Middle DIP,1121,205,178.34
1772576901.121289,Landmark_12,1103,158,
1772576901.121289,Landmark_13,1244,352,
1772576901.121289,Ring PIP,1212,273,179.56
1772576901.121289,Ring DIP,1191,220,178.90
1772576901.121289,Landmark_16,1173,177,
1772576901.121289,Landmark_17,1303,361,
1772576901.121289,Pinky PIP,1303,300,175.10
1772576901.121289,Pinky DIP,1300,265,175.10
1772576901.121289,Landmark_20,1300,235,
1772576901.202265,Landmark_0,1301,573,
1772576901.202265,Landmark_1,1233,538,
1772576901.202265,Thumb MCP,1190,468,117.47
1772576901.202265,Thumb IP,1229,403,139.40
1772576901.202265,Landmark_4,1286,384,
1772576901.202265,Landmark_5,1144,380,
1772576901.202265,Index PIP,1087,299,175.33
1772576901.202265,Index DIP,1057,248,178.70
1772576901.202265,Landmark_8,1033,205,
1772576901.202265,Landmark_9,1188,355,
1772576901.202265,Middle PIP,1141,267,176.04
1772576901.202265,Middle DIP,1115,209,179.21
1772576901.202265,Landmark_12,1096,165,
1772576901.202265,Landmark_13,1240,351,
1772576901.202265,Ring PIP,1207,276,179.05
1772576901.202265,Ring DIP,1184,226,179.93
1772576901.202265,Landmark_16,1166,187,
1772576901.202265,Landmark_17,1301,359,
1772576901.202265,Pinky PIP,1295,300,173.47
1772576901.202265,Pinky DIP,1288,268,176.75
1772576901.202265,Landmark_20,1284,243,
1772576901.281276,Landmark_0,1298,574,
1772576901.281276,Landmark_1,1229,541,
1772576901.281276,Thumb MCP,1186,468,118.92
1772576901.281276,Thumb IP,1225,402,137.19
1772576901.281276,Landmark_4,1282,385,
1772576901.281276,Landmark_5,1140,383,
1772576901.281276,Index PIP,1084,304,175.63
1772576901.281276,Index DIP,1054,254,178.78
1772576901.281276,Landmark_8,1030,212,
1772576901.281276,Landmark_9,1184,357,
1772576901.281276,Middle PIP,1137,269,176.04
1772576901.281276,Middle DIP,1111,211,177.66
1772576901.281276,Landmark_12,1093,166,
1772576901.281276,Landmark_13,1236,354,
1772576901.281276,Ring PIP,1204,280,178.68
1772576901.281276,Ring DIP,1181,230,179.00
1772576901.281276,Landmark_16,1163,189,
1772576901.281276,Landmark_17,1296,361,
1772576901.281276,Pinky PIP,1290,302,173.83
1772576901.281276,Pinky DIP,1283,269,178.48
1772576901.281276,Landmark_20,1277,244,
1772576901.366661,Landmark_0,1295,578,
1772576901.366661,Landmark_1,1227,547,
1772576901.366661,Thumb MCP,1181,474,118.94
1772576901.366661,Thumb IP,1219,405,137.28
1772576901.366661,Landmark_4,1276,386,
1772576901.366661,Landmark_5,1137,388,
1772576901.366661,Index PIP,1081,309,176.77
1772576901.366661,Index DIP,1049,258,178.66
1772576901.366661,Landmark_8,1024,216,
1772576901.366661,Landmark_9,1181,362,
1772576901.366661,Middle PIP,1134,273,176.75
1772576901.366661,Middle DIP,1107,214,177.85
1772576901.366661,Landmark_12,1088,168,
1772576901.366661,Landmark_13,1235,358,
1772576901.366661,Ring PIP,1203,281,178.71
1772576901.366661,Ring DIP,1180,229,179.00
1772576901.366661,Landmark_16,1161,188,
1772576901.366661,Landmark_17,1293,366,
1772576901.366661,Pinky PIP,1290,305,172.81
1772576901.366661,Pinky DIP,1284,271,178.42
1772576901.366661,Landmark_20,1280,244,
1772576901.438849,Landmark_0,1294,581,
1772576901.438849,Landmark_1,1225,550,
1772576901.438849,Thumb MCP,1179,477,119.92
1772576901.438849,Thumb IP,1216,407,138.08
1772576901.438849,Landmark_4,1273,386,
1772576901.438849,Landmark_5,1135,391,
1772576901.438849,Index PIP,1079,312,175.96
1772576901.438849,Index DIP,1048,261,178.45
1772576901.438849,Landmark_8,1024,219,
1772576901.438849,Landmark_9,1179,364,
1772576901.438849,Middle PIP,1133,274,176.71
1772576901.438849,Middle DIP,1107,215,179.27
1772576901.438849,Landmark_12,1087,168,
1772576901.438849,Landmark_13,1233,360,
1772576901.438849,Ring PIP,1200,282,179.60
1772576901.438849,Ring DIP,1178,231,179.38
1772576901.438849,Landmark_16,1160,188,
1772576901.438849,Landmark_17,1292,368,
1772576901.438849,Pinky PIP,1285,308,175.02
1772576901.438849,Pinky DIP,1278,274,176.79
1772576901.438849,Landmark_20,1274,247,
1772576901.525006,Landmark_0,1295,584,
1772576901.525006,Landmark_1,1225,550,
1772576901.525006,Thumb MCP,1181,478,121.69
1772576901.525006,Thumb IP,1218,405,140.45
1772576901.525006,Landmark_4,1273,381,
1772576901.525006,Landmark_5,1136,393,
1772576901.525006,Index PIP,1082,314,176.11
1772576901.525006,Index DIP,1052,263,178.59
1772576901.525006,Landmark_8,1027,218,
1772576901.525006,Landmark_9,1182,363,
1772576901.525006,Middle PIP,1142,272,178.41
1772576901.525006,Middle DIP,1118,213,178.30
1772576901.525006,Landmark_12,1099,162,
1772576901.525006,Landmark_13,1235,355,
1772576901.525006,Ring PIP,1204,274,178.40
1772576901.525006,Ring DIP,1182,221,179.65
1772576901.525006,Landmark_16,1163,176,
1772576901.525006,Landmark_17,1293,361,
1772576901.525006,Pinky PIP,1283,297,176.79
1772576901.525006,Pinky DIP,1274,255,176.88
1772576901.525006,Landmark_20,1268,217,
1772576901.600371,Landmark_0,1279,596,
1772576901.600371,Landmark_1,1199,549,
1772576901.600371,Thumb MCP,1160,471,124.66
1772576901.600371,Thumb IP,1199,400,144.94
1772576901.600371,Landmark_4,1256,372,
1772576901.600371,Landmark_5,1150,385,
1772576901.600371,Index PIP,1109,305,178.98
1772576901.600371,Index DIP,1084,254,176.78
1772576901.600371,Landmark_8,1065,209,
1772576901.600371,Landmark_9,1200,365,
1772576901.600371,Middle PIP,1175,268,178.26
1772576901.600371,Middle DIP,1157,206,178.88
1772576901.600371,Landmark_12,1143,154,
1772576901.600371,Landmark_13,1255,366,
1772576901.600371,Ring PIP,1238,267,176.14
1772576901.600371,Ring DIP,1223,205,177.51
1772576901.600371,Landmark_16,1208,153,
1772576901.600371,Landmark_17,1313,383,
1772576901.600371,Pinky PIP,1329,303,177.27
1772576901.600371,Pinky DIP,1341,255,178.96
1772576901.600371,Landmark_20,1350,216,
1772576901.689227,Landmark_0,1244,606,
1772576901.689227,Landmark_1,1165,556,
1772576901.689227,Thumb MCP,1103,491,179.21
1772576901.689227,Thumb IP,1053,440,172.48
1772576901.689227,Landmark_4,1007,404,
1772576901.689227,Landmark_5,1179,390,
1772576901.689227,Index PIP,1167,290,177.69
1772576901.689227,Index DIP,1162,227,173.34
1772576901.689227,Landmark_8,1164,173,
1772576901.689227,Landmark_9,1237,388,
1772576901.689227,Middle PIP,1244,280,178.68
1772576901.689227,Middle DIP,1247,208,177.78
1772576901.689227,Landmark_12,1252,146,
1772576901.689227,Landmark_13,1289,408,
1772576901.689227,Ring PIP,1316,309,177.18
1772576901.689227,Ring DIP,1331,241,179.40
1772576901.689227,Landmark_16,1344,179,
1772576901.689227,Landmark_17,1335,449,
1772576901.689227,Pinky PIP,1397,391,176.69
1772576901.689227,Pinky DIP,1437,349,175.77
1772576901.689227,Landmark_20,1469,310,
1772576901.7689779,Landmark_0,1255,607,
1772576901.7689779,Landmark_1,1207,525,
1772576901.7689779,Thumb MCP,1200,443,147.74
1772576901.7689779,Thumb IP,1229,387,178.13
1772576901.7689779,Landmark_4,1257,337,
1772576901.7689779,Landmark_5,1165,385,
1772576901.7689779,Index PIP,1162,297,174.70
1772576901.7689779,Index DIP,1155,242,175.35
1772576901.7689779,Landmark_8,1153,198,
1772576901.7689779,Landmark_9,1185,403,
1772576901.7689779,Middle PIP,1175,307,176.16
1772576901.7689779,Middle DIP,1165,249,179.70
1772576901.7689779,Landmark_12,1157,204,
1772576901.7689779,Landmark_13,1210,443,
1772576901.7689779,Ring PIP,1208,353,172.85
1772576901.7689779,Ring DIP,1200,299,177.89
1772576901.7689779,Landmark_16,1192,256,
1772576901.7689779,Landmark_17,1238,497,
1772576901.7689779,Pinky PIP,1263,456,164.82
1772576901.7689779,Pinky DIP,1272,425,173.27
1772576901.7689779,Landmark_20,1277,395,
1772576901.8450181,Landmark_0,1262,630,
1772576901.8450181,Landmark_1,1262,535,
1772576901.8450181,Thumb MCP,1252,440,175.54
1772576901.8450181,Thumb IP,1250,366,164.19
1772576901.8450181,Landmark_4,1265,307,
1772576901.8450181,Landmark_5,1258,416,
1772576901.8450181,Index PIP,1196,328,167.50
1772576901.8450181,Index DIP,1151,287,178.63
1772576901.8450181,Landmark_8,1113,254,
1772576901.8450181,Landmark_9,1243,451,
1772576901.8450181,Middle PIP,1133,380,166.81
1772576901.8450181,Middle DIP,1063,355,179.58
1772576901.8450181,Landmark_12,1011,336,
1772576901.8450181,Landmark_13,1218,494,
1772576901.8450181,Ring PIP,1107,436,169.45
1772576901.8450181,Ring DIP,1045,417,179.89
1772576901.8450181,Landmark_16,999,403,
1772576901.8450181,Landmark_17,1187,537,
1772576901.8450181,Pinky PIP,1102,496,175.37
1772576901.8450181,Pinky DIP,1058,479,177.16
1772576901.8450181,Landmark_20,1022,463,
1772576901.93933,Landmark_0,1243,637,
1772576901.93933,Landmark_1,1283,548,
1772576901.93933,Thumb MCP,1297,452,174.76
1772576901.93933,Thumb IP,1301,377,161.44
1772576901.93933,Landmark_4,1322,324,
1772576901.93933,Landmark_5,1268,429,
1772576901.93933,Index PIP,1198,341,167.00
1772576901.93933,Index DIP,1154,306,173.65
1772576901.93933,Landmark_8,1119,284,
1772576901.93933,Landmark_9,1229,460,
1772576901.93933,Middle PIP,1146,380,154.49
1772576901.93933,Middle DIP,1101,365,165.96
1772576901.93933,Landmark_12,1075,363,
1772576901.93933,Landmark_13,1185,494,
1772576901.93933,Ring PIP,1112,422,167.55
1772576901.93933,Ring DIP,1077,400,172.08
1772576901.93933,Landmark_16,1057,391,
1772576901.93933,Landmark_17,1142,530,
1772576901.93933,Pinky PIP,1090,471,178.71
1772576901.93933,Pinky DIP,1074,452,170.16
1772576901.93933,Landmark_20,1067,440,
1772576902.00112,Landmark_0,1228,654,
1772576902.00112,Landmark_1,1278,566,
1772576902.00112,Thumb MCP,1298,470,173.87
1772576902.00112,Thumb IP,1306,389,160.87
1772576902.00112,Landmark_4,1330,337,
1772576902.00112,Landmark_5,1268,438,
1772576902.00112,Index PIP,1201,377,57.69
1772576902.00112,Index DIP,1195,411,138.73
1772576902.00112,Landmark_8,1212,439,
1772576902.00112,Landmark_9,1218,463,
1772576902.00112,Middle PIP,1153,409,48.60
1772576902.00112,Middle DIP,1154,443,141.45
1772576902.00112,Landmark_12,1176,469,
1772576902.00112,Landmark_13,1168,492,
1772576902.00112,Ring PIP,1117,444,35.78
1772576902.00112,Ring DIP,1123,475,152.03
1772576902.00112,Landmark_16,1144,501,
1772576902.00112,Landmark_17,1120,525,
1772576902.00112,Pinky PIP,1091,480,13.71
1772576902.00112,Pinky DIP,1100,506,164.27
1772576902.00112,Landmark_20,1116,529,
1772576902.089041,Landmark_0,1221,657,
1772576902.089041,Landmark_1,1279,578,
1772576902.089041,Thumb MCP,1299,481,165.66
1772576902.089041,Thumb IP,1295,396,174.54
1772576902.089041,Landmark_4,1298,334,
1772576902.089041,Landmark_5,1290,461,
1772576902.089041,Index PIP,1221,387,43.00
1772576902.089041,Index DIP,1221,417,145.84
1772576902.089041,Landmark_8,1240,445,
1772576902.089041,Landmark_9,1233,486,
1772576902.089041,Middle PIP,1174,416,40.13
1772576902.089041,Middle DIP,1174,448,147.80
1772576902.089041,Landmark_12,1191,475,
1772576902.089041,Landmark_13,1174,514,
1772576902.089041,Ring PIP,1130,451,26.05
1772576902.089041,Ring DIP,1135,483,155.19
1772576902.089041,Landmark_16,1153,510,
1772576902.089041,Landmark_17,1118,543,
1772576902.089041,Pinky PIP,1092,485,7.96
1772576902.089041,Pinky DIP,1101,516,167.89
1772576902.089041,Landmark_20,1115,542,
1772576902.157546,Landmark_0,1226,650,
1772576902.157546,Landmark_1,1284,580,
1772576902.157546,Thumb MCP,1308,486,162.35
1772576902.157546,Thumb IP,1303,400,173.27
1772576902.157546,Landmark_4,1292,338,
1772576902.157546,Landmark_5,1300,459,
1772576902.157546,Index PIP,1234,386,49.97
1772576902.157546,Index DIP,1230,415,140.88
1772576902.157546,Landmark_8,1247,443,
1772576902.157546,Landmark_9,1245,482,
1772576902.157546,Middle PIP,1185,410,45.16
1772576902.157546,Middle DIP,1182,442,143.99
1772576902.157546,Landmark_12,1198,469,
1772576902.157546,Landmark_13,1187,508,
1772576902.157546,Ring PIP,1139,443,32.98
1772576902.157546,Ring DIP,1141,476,152.20
1772576902.157546,Landmark_16,1158,504,
1772576902.157546,Landmark_17,1130,535,
1772576902.157546,Pinky PIP,1101,478,16.01
1772576902.157546,Pinky DIP,1107,509,162.65
1772576902.157546,Landmark_20,1121,535,
1772576902.238921,Landmark_0,1226,632,
1772576902.238921,Landmark_1,1279,558,
1772576902.238921,Thumb MCP,1302,467,163.72
1772576902.238921,Thumb IP,1299,385,165.21
1772576902.238921,Landmark_4,1282,329,
1772576902.238921,Landmark_5,1292,431,
1772576902.238921,Index PIP,1222,373,50.36
1772576902.238921,Index DIP,1222,409,141.01
1772576902.238921,Landmark_8,1239,430,
1772576902.238921,Landmark_9,1240,452,
1772576902.238921,Middle PIP,1178,400,51.75
1772576902.238921,Middle DIP,1177,433,146.66
1772576902.238921,Landmark_12,1193,459,
1772576902.238921,Landmark_13,1183,477,
1772576902.238921,Ring PIP,1136,432,41.05
1772576902.238921,Ring DIP,1139,465,153.59
1772576902.238921,Landmark_16,1155,491,
1772576902.238921,Landmark_17,1127,501,
1772576902.238921,Pinky PIP,1103,463,26.92
1772576902.238921,Pinky DIP,1106,495,160.91
1772576902.238921,Landmark_20,1116,517,
1772576902.322644,Landmark_0,1221,619,
1772576902.322644,Landmark_1,1274,546,
1772576902.322644,Thumb MCP,1293,457,161.53
1772576902.322644,Thumb IP,1284,377,165.52
1772576902.322644,Landmark_4,1263,322,
1772576902.322644,Landmark_5,1275,412,
1772576902.322644,Index PIP,1210,365,59.49
1772576902.322644,Index DIP,1207,397,137.34
1772576902.322644,Landmark_8,1223,418,
1772576902.322644,Landmark_9,1223,430,
1772576902.322644,Middle PIP,1166,392,60.12
1772576902.322644,Middle DIP,1164,422,139.72
1772576902.322644,Landmark_12,1181,445,
1772576902.322644,Landmark_13,1170,456,
1772576902.322644,Ring PIP,1126,422,52.31
1772576902.322644,Ring DIP,1126,453,145.78
1772576902.322644,Landmark_16,1143,478,
1772576902.322644,Landmark_17,1117,485,
1772576902.322644,Pinky PIP,1093,454,32.22
1772576902.322644,Pinky DIP,1096,485,154.95
1772576902.322644,Landmark_20,1109,507,
1772576902.408035,Landmark_0,1220,608,
1772576902.408035,Landmark_1,1269,535,
1772576902.408035,Thumb MCP,1284,444,161.06
1772576902.408035,Thumb IP,1271,367,166.12
1772576902.408035,Landmark_4,1248,314,
1772576902.408035,Landmark_5,1263,397,
1772576902.408035,Index PIP,1197,358,61.21
1772576902.408035,Index DIP,1196,390,137.85
1772576902.408035,Landmark_8,1213,410,
1772576902.408035,Landmark_9,1214,418,
1772576902.408035,Middle PIP,1156,386,64.93
1772576902.408035,Middle DIP,1154,416,136.90
1772576902.408035,Landmark_12,1172,438,
1772576902.408035,Landmark_13,1162,445,
1772576902.408035,Ring PIP,1117,418,57.13
1772576902.408035,Ring DIP,1118,448,141.31
1772576902.408035,Landmark_16,1136,469,
1772576902.408035,Landmark_17,1111,476,
1772576902.408035,Pinky PIP,1085,450,35.84
1772576902.408035,Pinky DIP,1090,481,154.78
1772576902.408035,Landmark_20,1103,500,
1772576902.490283,Landmark_0,1221,603,
1772576902.490283,Landmark_1,1269,535,
1772576902.490283,Thumb MCP,1282,444,160.42
1772576902.490283,Thumb IP,1266,365,170.55
1772576902.490283,Landmark_4,1245,310,
1772576902.490283,Landmark_5,1264,396,
1772576902.490283,Index PIP,1195,354,60.46
1772576902.490283,Index DIP,1194,386,138.92
1772576902.490283,Landmark_8,1212,408,
1772576902.490283,Landmark_9,1215,417,
1772576902.490283,Middle PIP,1153,381,58.01
1772576902.490283,Middle DIP,1154,412,141.03
1772576902.490283,Landmark_12,1173,434,
1772576902.490283,Landmark_13,1162,444,
1772576902.490283,Ring PIP,1114,414,50.40
1772576902.490283,Ring DIP,1118,444,146.78
1772576902.490283,Landmark_16,1137,466,
1772576902.490283,Landmark_17,1109,474,
1772576902.490283,Pinky PIP,1084,448,31.15
1772576902.490283,Pinky DIP,1091,479,154.43
1772576902.490283,Landmark_20,1106,498,
1772576902.5682318,Landmark_0,1232,591,
1772576902.5682318,Landmark_1,1273,522,
1772576902.5682318,Thumb MCP,1277,428,167.26
1772576902.5682318,Thumb IP,1263,351,165.68
1772576902.5682318,Landmark_4,1267,294,
1772576902.5682318,Landmark_5,1270,391,
1772576902.5682318,Index PIP,1198,322,75.11
1772576902.5682318,Index DIP,1182,351,126.21
1772576902.5682318,Landmark_8,1195,379,
1772576902.5682318,Landmark_9,1231,413,
1772576902.5682318,Middle PIP,1152,349,65.02
1772576902.5682318,Middle DIP,1144,381,125.93
1772576902.5682318,Landmark_12,1165,406,
1772576902.5682318,Landmark_13,1186,442,
1772576902.5682318,Ring PIP,1116,383,49.87
1772576902.5682318,Ring DIP,1116,417,135.00
1772576902.5682318,Landmark_16,1139,440,
1772576902.5682318,Landmark_17,1142,477,
1772576902.5682318,Pinky PIP,1088,427,36.71
1772576902.5682318,Pinky DIP,1093,454,148.35
1772576902.5682318,Landmark_20,1112,475,
1772576902.654948,Landmark_0,1267,605,
1772576902.654948,Landmark_1,1270,529,
1772576902.654948,Thumb MCP,1254,440,174.01
1772576902.654948,Thumb IP,1249,372,161.76
1772576902.654948,Landmark_4,1261,324,
1772576902.654948,Landmark_5,1247,407,
1772576902.654948,Index PIP,1223,317,167.98
1772576902.654948,Index DIP,1193,258,174.57
1772576902.654948,Landmark_8,1167,217,
1772576902.654948,Landmark_9,1219,418,
1772576902.654948,Middle PIP,1187,325,168.85
1772576902.654948,Middle DIP,1151,263,172.37
1772576902.654948,Landmark_12,1120,223,
1772576902.654948,Landmark_13,1186,449,
1772576902.654948,Ring PIP,1149,364,173.78
1772576902.654948,Ring DIP,1121,315,176.05
1772576902.654948,Landmark_16,1099,282,
1772576902.654948,Landmark_17,1147,495,
1772576902.654948,Pinky PIP,1089,462,178.58
1772576902.654948,Pinky DIP,1048,440,179.54
1772576902.654948,Landmark_20,1010,420,
1772576902.729795,Landmark_0,1223,598,
1772576902.729795,Landmark_1,1153,566,
1772576902.729795,Thumb MCP,1100,497,171.26
1772576902.729795,Thumb IP,1054,453,154.33
1772576902.729795,Landmark_4,1008,438,
1772576902.729795,Landmark_5,1164,381,
1772576902.729795,Index PIP,1158,289,176.27
1772576902.729795,Index DIP,1158,229,180.00
1772576902.729795,Landmark_8,1158,179,
1772576902.729795,Landmark_9,1217,378,
1772576902.729795,Middle PIP,1230,271,177.90
1772576902.729795,Middle DIP,1236,200,178.24
1772576902.729795,Landmark_12,1239,144,
1772576902.729795,Landmark_13,1265,401,
1772576902.729795,Ring PIP,1303,309,172.89
1772576902.729795,Ring DIP,1320,247,178.45
1772576902.729795,Landmark_16,1333,194,
1772576902.729795,Landmark_17,1304,449,
1772576902.729795,Pinky PIP,1371,399,170.95
1772576902.729795,Pinky DIP,1407,362,178.06
1772576902.729795,Landmark_20,1437,329,
1772576902.810791,Landmark_0,1275,611,
1772576902.810791,Landmark_1,1185,590,
1772576902.810791,Thumb MCP,1105,549,174.24
1772576902.810791,Thumb IP,1036,522,163.39
1772576902.810791,Landmark_4,976,517,
1772576902.810791,Landmark_5,1157,391,
1772576902.810791,Index PIP,1110,310,177.32
1772576902.810791,Index DIP,1083,258,178.12
1772576902.810791,Landmark_8,1061,212,
1772576902.810791,Landmark_9,1207,367,
1772576902.810791,Middle PIP,1173,273,179.40
1772576902.810791,Middle DIP,1152,213,178.45
1772576902.810791,Landmark_12,1136,163,
1772576902.810791,Landmark_13,1260,369,
1772576902.810791,Ring PIP,1237,281,176.21
1772576902.810791,Ring DIP,1220,230,180.00
1772576902.810791,Landmark_16,1205,185,
1772576902.810791,Landmark_17,1317,389,
1772576902.810791,Pinky PIP,1326,329,176.37
1772576902.810791,Pinky DIP,1329,294,175.10
1772576902.810791,Landmark_20,1329,262,
1772576902.891813,Landmark_0,1280,618,
1772576902.891813,Landmark_1,1191,597,
1772576902.891813,Thumb MCP,1106,551,171.69
1772576902.891813,Thumb IP,1035,525,163.58
1772576902.891813,Landmark_4,973,521,
1772576902.891813,Landmark_5,1149,394,
1772576902.891813,Index PIP,1097,311,179.73
1772576902.891813,Index DIP,1066,261,177.37
1772576902.891813,Landmark_8,1042,218,
1772576902.891813,Landmark_9,1196,372,
1772576902.891813,Middle PIP,1156,277,178.78
1772576902.891813,Middle DIP,1131,221,179.98
1772576902.891813,Landmark_12,1110,174,
1772576902.891813,Landmark_13,1248,371,
1772576902.891813,Ring PIP,1217,286,178.24
1772576902.891813,Ring DIP,1197,236,177.46
1772576902.891813,Landmark_16,1178,194,
1772576902.891813,Landmark_17,1306,388,
1772576902.891813,Pinky PIP,1301,323,178.97
1772576902.891813,Pinky DIP,1299,289,175.51
1772576902.891813,Landmark_20,1295,260,
1772576902.968829,Landmark_0,1279,619,
1772576902.968829,Landmark_1,1191,601,
1772576902.968829,Thumb MCP,1108,551,179.77
1772576902.968829,Thumb IP,1041,511,161.89
1772576902.968829,Landmark_4,979,497,
1772576902.968829,Landmark_5,1139,399,
1772576902.968829,Index PIP,1087,314,179.84
1772576902.968829,Index DIP,1056,263,175.76
1772576902.968829,Landmark_8,1032,216,
1772576902.968829,Landmark_9,1186,373,
1772576902.968829,Middle PIP,1147,276,179.28
1772576902.968829,Middle DIP,1122,216,179.29
1772576902.968829,Landmark_12,1100,165,
1772576902.968829,Landmark_13,1239,370,
1772576902.968829,Ring PIP,1209,281,177.01
1772576902.968829,Ring DIP,1188,228,175.05
1772576902.968829,Landmark_16,1165,182,
1772576902.968829,Landmark_17,1295,385,
1772576902.968829,Pinky PIP,1291,319,175.97
1772576902.968829,Pinky DIP,1286,281,175.52
1772576902.968829,Landmark_20,1279,248,
1772576903.044696,Landmark_0,1293,626,
1772576903.044696,Landmark_1,1194,576,
1772576903.044696,Thumb MCP,1113,506,168.53
1772576903.044696,Thumb IP,1062,440,173.13
1772576903.044696,Landmark_4,1025,378,
1772576903.044696,Landmark_5,1143,404,
1772576903.044696,Index PIP,1105,351,23.21
1772576903.044696,Index DIP,1118,410,163.72
1772576903.044696,Landmark_8,1141,452,
1772576903.044696,Landmark_9,1190,394,
1772576903.044696,Middle PIP,1150,359,32.18
1772576903.044696,Middle DIP,1173,436,163.29
1772576903.044696,Landmark_12,1198,474,
1772576903.044696,Landmark_13,1238,395,
1772576903.044696,Ring PIP,1204,372,43.22
1772576903.044696,Ring DIP,1220,443,164.40
1772576903.044696,Landmark_16,1241,482,
1772576903.044696,Landmark_17,1288,405,
1772576903.044696,Pinky PIP,1257,388,59.06
1772576903.044696,Pinky DIP,1259,440,157.30
1772576903.044696,Landmark_20,1272,468,
1772576903.128046,Landmark_0,1304,629,
1772576903.128046,Landmark_1,1196,580,
1772576903.128046,Thumb MCP,1110,519,161.19
1772576903.128046,Thumb IP,1058,447,160.78
1772576903.128046,Landmark_4,1038,380,
1772576903.128046,Landmark_5,1128,452,
1772576903.128046,Index PIP,1109,405,10.67
1772576903.128046,Index DIP,1143,458,177.06
1772576903.128046,Landmark_8,1171,507,
1772576903.128046,Landmark_9,1179,436,
1772576903.128046,Middle PIP,1153,384,2.30
1772576903.128046,Middle DIP,1185,455,179.52
1772576903.128046,Landmark_12,1211,514,
1772576903.128046,Landmark_13,1231,427,
1772576903.128046,Ring PIP,1216,389,7.50
1772576903.128046,Ring DIP,1234,461,178.69
1772576903.128046,Landmark_16,1248,523,
1772576903.128046,Landmark_17,1283,427,
1772576903.128046,Pinky PIP,1266,396,23.25
1772576903.128046,Pinky DIP,1271,448,177.02
1772576903.128046,Landmark_20,1278,495,
1772576903.21344,Landmark_0,1299,618,
1772576903.21344,Landmark_1,1192,583,
1772576903.21344,Thumb MCP,1105,523,161.59
1772576903.21344,Thumb IP,1053,454,157.03
1772576903.21344,Landmark_4,1036,386,
1772576903.21344,Landmark_5,1128,455,
1772576903.21344,Index PIP,1105,409,9.19
1772576903.21344,Index DIP,1141,459,179.90
1772576903.21344,Landmark_8,1174,505,
1772576903.21344,Landmark_9,1179,439,
1772576903.21344,Middle PIP,1156,392,0.87
1772576903.21344,Middle DIP,1188,460,178.24
1772576903.21344,Landmark_12,1217,517,
1772576903.21344,Landmark_13,1231,430,
1772576903.21344,Ring PIP,1215,390,7.21
1772576903.21344,Ring DIP,1234,463,179.42
1772576903.21344,Landmark_16,1250,522,
1772576903.21344,Landmark_17,1281,425,
1772576903.21344,Pinky PIP,1262,391,20.45
1772576903.21344,Pinky DIP,1270,443,175.65
1772576903.21344,Landmark_20,1280,486,
1772576903.293698,Landmark_0,1298,604,
1772576903.293698,Landmark_1,1199,572,
1772576903.293698,Thumb MCP,1113,512,163.45
1772576903.293698,Thumb IP,1062,448,157.98
1772576903.293698,Landmark_4,1043,384,
1772576903.293698,Landmark_5,1132,443,
1772576903.293698,Index PIP,1111,400,8.73
1772576903.293698,Index DIP,1145,449,178.93
1772576903.293698,Landmark_8,1175,494,
1772576903.293698,Landmark_9,1181,427,
1772576903.293698,Middle PIP,1157,378,1.59
1772576903.293698,Middle DIP,1188,446,177.94
1772576903.293698,Landmark_12,1215,500,
1772576903.293698,Landmark_13,1232,419,
1772576903.293698,Ring PIP,1215,377,6.71
1772576903.293698,Ring DIP,1235,450,178.43
1772576903.293698,Landmark_16,1252,506,
1772576903.293698,Landmark_17,1284,418,
1772576903.293698,Pinky PIP,1264,381,20.42
1772576903.293698,Pinky DIP,1271,431,175.59
1772576903.293698,Landmark_20,1280,472,
1772576903.3741179,Landmark_0,1300,582,
1772576903.3741179,Landmark_1,1213,556,
1772576903.3741179,Thumb MCP,1127,494,168.85
1772576903.3741179,Thumb IP,1070,433,167.01
1772576903.3741179,Landmark_4,1037,376,
1772576903.3741179,Landmark_5,1127,422,
1772576903.3741179,Index PIP,1107,368,18.97
1772576903.3741179,Index DIP,1143,412,171.67
1772576903.3741179,Landmark_8,1167,452,
1772576903.3741179,Landmark_9,1172,399,
1772576903.3741179,Middle PIP,1152,343,9.02
1772576903.3741179,Middle DIP,1187,407,174.83
1772576903.3741179,Landmark_12,1207,453,
1772576903.3741179,Landmark_13,1222,389,
1772576903.3741179,Ring PIP,1207,332,4.47
1772576903.3741179,Ring DIP,1230,398,175.36
1772576903.3741179,Landmark_16,1243,448,
1772576903.3741179,Landmark_17,1275,390,
1772576903.3741179,Pinky PIP,1263,338,4.52
1772576903.3741179,Pinky DIP,1270,385,178.32
1772576903.3741179,Landmark_20,1275,427,
1772576903.44735,Landmark_0,1280,578,
1772576903.44735,Landmark_1,1197,576,
1772576903.44735,Thumb MCP,1113,518,176.07
1772576903.44735,Thumb IP,1049,467,167.19
1772576903.44735,Landmark_4,993,440,
1772576903.44735,Landmark_5,1141,392,
1772576903.44735,Index PIP,1091,313,175.43
1772576903.44735,Index DIP,1061,256,174.86
1772576903.44735,Landmark_8,1041,208,
1772576903.44735,Landmark_9,1188,365,
1772576903.44735,Middle PIP,1153,273,175.79
1772576903.44735,Middle DIP,1133,206,175.69
1772576903.44735,Landmark_12,1121,151,
1772576903.44735,Landmark_13,1243,360,
1772576903.44735,Ring PIP,1214,274,172.48
1772576903.44735,Ring DIP,1203,218,177.18
1772576903.44735,Landmark_16,1196,170,
1772576903.44735,Landmark_17,1304,373,
1772576903.44735,Pinky PIP,1310,315,174.60
1772576903.44735,Pinky DIP,1317,280,179.31
1772576903.44735,Landmark_20,1323,248,
1772576903.5347872,Landmark_0,1295,595,
1772576903.5347872,Landmark_1,1202,585,
1772576903.5347872,Thumb MCP,1111,532,179.10
1772576903.5347872,Thumb IP,1038,491,170.22
1772576903.5347872,Landmark_4,976,469,
1772576903.5347872,Landmark_5,1154,382,
1772576903.5347872,Index PIP,1097,304,176.70
1772576903.5347872,Index DIP,1066,256,177.32
1772576903.5347872,Landmark_8,1041,213,
1772576903.5347872,Landmark_9,1203,356,
1772576903.5347872,Middle PIP,1160,265,175.37
1772576903.5347872,Middle DIP,1137,204,178.65
1772576903.5347872,Landmark_12,1118,157,
1772576903.5347872,Landmark_13,1259,352,
1772576903.5347872,Ring PIP,1228,272,177.95
1772576903.5347872,Ring DIP,1211,223,177.10
1772576903.5347872,Landmark_16,1194,181,
1772576903.5347872,Landmark_17,1320,365,
1772576903.5347872,Pinky PIP,1322,307,178.16
1772576903.5347872,Pinky DIP,1324,277,179.87
1772576903.5347872,Landmark_20,1326,248,
1772576903.6176891,Landmark_0,1293,610,
1772576903.6176891,Landmark_1,1199,592,
1772576903.6176891,Thumb MCP,1107,540,178.00
1772576903.6176891,Thumb IP,1032,501,172.06
1772576903.6176891,Landmark_4,970,479,
1772576903.6176891,Landmark_5,1152,385,
1772576903.6176891,Index PIP,1096,304,177.14
1772576903.6176891,Index DIP,1065,254,177.37
1772576903.6176891,Landmark_8,1041,211,
1772576903.6176891,Landmark_9,1202,359,
1772576903.6176891,Middle PIP,1161,265,176.57
1772576903.6176891,Middle DIP,1139,205,178.13
1772576903.6176891,Landmark_12,1120,158,
1772576903.6176891,Landmark_13,1259,357,
1772576903.6176891,Ring PIP,1231,275,179.41
1772576903.6176891,Ring DIP,1213,224,176.92
1772576903.6176891,Landmark_16,1196,183,
1772576903.6176891,Landmark_17,1320,372,
1772576903.6176891,Pinky PIP,1325,309,178.93
1772576903.6176891,Pinky DIP,1327,276,178.51
1772576903.6176891,Landmark_20,1328,247,
1772576903.703629,Landmark_0,1298,648,
1772576903.703629,Landmark_1,1199,628,
1772576903.703629,Thumb MCP,1110,578,177.24
1772576903.703629,Thumb IP,1036,541,171.31
1772576903.703629,Landmark_4,974,521,
1772576903.703629,Landmark_5,1158,415,
1772576903.703629,Index PIP,1104,335,176.09
1772576903.703629,Index DIP,1075,285,178.59
1772576903.703629,Landmark_8,1052,243,
1772576903.703629,Landmark_9,1208,391,
1772576903.703629,Middle PIP,1169,297,178.24
1772576903.703629,Middle DIP,1147,239,179.21
1772576903.703629,Landmark_12,1131,195,
1772576903.703629,Landmark_13,1265,390,
1772576903.703629,Ring PIP,1240,302,177.08
1772576903.703629,Ring DIP,1223,252,178.68
1772576903.703629,Landmark_16,1208,211,
1772576903.703629,Landmark_17,1326,407,
1772576903.703629,Pinky PIP,1336,345,175.47
1772576903.703629,Pinky DIP,1339,308,178.83
1772576903.703629,Landmark_20,1341,275,
1772576903.704028,Landmark_0,230,1146,
1772576903.704028,Landmark_1,318,1133,
1772576903.704028,Thumb MCP,410,1069,162.47
1772576903.704028,Thumb IP,464,999,164.64
1772576903.704028,Landmark_4,489,938,
1772576903.704028,Landmark_5,423,1021,
1772576903.704028,Index PIP,487,887,176.17
1772576903.704028,Index DIP,526,789,177.39
1772576903.704028,Landmark_8,553,711,
1772576903.704028,Landmark_9,374,995,
1772576903.704028,Middle PIP,423,858,178.25
1772576903.704028,Middle DIP,456,756,179.82
1772576903.704028,Landmark_12,480,681,
1772576903.704028,Landmark_13,314,976,
1772576903.704028,Ring PIP,358,838,179.90
1772576903.704028,Ring DIP,392,732,179.80
1772576903.704028,Landmark_16,417,655,
1772576903.704028,Landmark_17,250,962,
1772576903.704028,Pinky PIP,285,861,178.41
1772576903.704028,Pinky DIP,309,785,179.09
1772576903.704028,Landmark_20,329,725,
1772576903.7688372,Landmark_0,1316,719,
1772576903.7688372,Landmark_1,1225,705,
1772576903.7688372,Thumb MCP,1130,663,177.55
1772576903.7688372,Thumb IP,1056,634,166.07
1772576903.7688372,Landmark_4,995,626,
1772576903.7688372,Landmark_5,1172,497,
1772576903.7688372,Index PIP,1114,409,175.76
1772576903.7688372,Index DIP,1085,357,179.46
1772576903.7688372,Landmark_8,1061,313,
1772576903.7688372,Landmark_9,1223,470,
1772576903.7688372,Middle PIP,1181,363,178.62
1772576903.7688372,Middle DIP,1158,300,179.50
1772576903.7688372,Landmark_12,1140,252,
1772576903.7688372,Landmark_13,1280,466,
1772576903.7688372,Ring PIP,1253,373,178.07
1772576903.7688372,Ring DIP,1235,318,177.71
1772576903.7688372,Landmark_16,1219,275,
1772576903.7688372,Landmark_17,1342,482,
1772576903.7688372,Pinky PIP,1351,414,179.25
1772576903.7688372,Pinky DIP,1356,372,178.25
1772576903.7688372,Landmark_20,1359,338,
1772576903.769203,Landmark_0,302,1099,
1772576903.769203,Landmark_1,436,1052,
1772576903.769203,Thumb MCP,537,979,174.21
1772576903.769203,Thumb IP,613,935,168.88
1772576903.769203,Landmark_4,680,912,
1772576903.769203,Landmark_5,465,834,
1772576903.769203,Index PIP,504,745,177.10
1772576903.769203,Index DIP,531,691,179.51
1772576903.769203,Landmark_8,554,644,
1772576903.769203,Landmark_9,404,811,
1772576903.769203,Middle PIP,434,715,175.39
1772576903.769203,Middle DIP,459,653,177.52
1772576903.769203,Landmark_12,479,609,
1772576903.769203,Landmark_13,340,815,
1772576903.769203,Ring PIP,377,735,177.35
1772576903.769203,Ring DIP,399,681,177.30
1772576903.769203,Landmark_16,418,640,
1772576903.769203,Landmark_17,279,843,
1772576903.769203,Pinky PIP,281,779,176.08
1772576903.769203,Pinky DIP,285,739,177.34
1772576903.769203,Landmark_20,290,705,
1772576903.850108,Landmark_0,1307,804,
1772576903.850108,Landmark_1,1217,797,
1772576903.850108,Thumb MCP,1123,757,176.31
1772576903.850108,Thumb IP,1049,731,159.65
1772576903.850108,Landmark_4,991,732,
1772576903.850108,Landmark_5,1170,589,
1772576903.850108,Index PIP,1115,496,179.59
1772576903.850108,Index DIP,1083,441,179.41
1772576903.850108,Landmark_8,1058,397,
1772576903.850108,Landmark_9,1223,559,
1772576903.850108,Middle PIP,1182,451,179.63
1772576903.850108,Middle DIP,1158,389,179.65
1772576903.850108,Landmark_12,1139,339,
1772576903.850108,Landmark_13,1279,552,
1772576903.850108,Ring PIP,1254,452,177.07
1772576903.850108,Ring DIP,1236,393,179.95
1772576903.850108,Landmark_16,1221,344,
1772576903.850108,Landmark_17,1340,565,
1772576903.850108,Pinky PIP,1349,493,178.95
1772576903.850108,Pinky DIP,1354,446,179.64
1772576903.850108,Landmark_20,1358,406,
1772576903.8505118,Landmark_0,379,1046,
1772576903.8505118,Landmark_1,479,1005,
1772576903.8505118,Thumb MCP,564,932,171.13
1772576903.8505118,Thumb IP,635,888,160.64
1772576903.8505118,Landmark_4,694,875,
1772576903.8505118,Landmark_5,496,786,
1772576903.8505118,Index PIP,530,695,179.40
1772576903.8505118,Index DIP,547,648,178.12
1772576903.8505118,Landmark_8,560,608,
1772576903.8505118,Landmark_9,438,774,
1772576903.8505118,Middle PIP,461,678,178.40
1772576903.8505118,Middle DIP,475,626,179.54
1772576903.8505118,Landmark_12,485,590,
1772576903.8505118,Landmark_13,380,782,
1772576903.8505118,Ring PIP,399,696,176.34
1772576903.8505118,Ring DIP,412,651,174.61
1772576903.8505118,Landmark_16,425,618,
1772576903.8505118,Landmark_17,321,809,
1772576903.8505118,Pinky PIP,308,749,174.12
1772576903.8505118,Pinky DIP,304,713,173.66
1772576903.8505118,Landmark_20,304,683,
1772576903.933527,Landmark_0,1280,857,
1772576903.933527,Landmark_1,1187,842,
1772576903.933527,Thumb MCP,1098,808,177.06
1772576903.933527,Thumb IP,1024,784,159.17
1772576903.933527,Landmark_4,964,787,
1772576903.933527,Landmark_5,1146,650,
1772576903.933527,Index PIP,1092,563,176.71
1772576903.933527,Index DIP,1061,506,174.24
1772576903.933527,Landmark_8,1040,456,
1772576903.933527,Landmark_9,1196,622,
1772576903.933527,Middle PIP,1154,519,177.03
1772576903.933527,Middle DIP,1131,453,175.53
1772576903.933527,Landmark_12,1116,396,
1772576903.933527,Landmark_13,1250,617,
1772576903.933527,Ring PIP,1226,519,178.34
1772576903.933527,Ring DIP,1210,461,179.15
1772576903.933527,Landmark_16,1197,411,
1772576903.933527,Landmark_17,1307,631,
1772576903.933527,Pinky PIP,1318,561,177.55
1772576903.933527,Pinky DIP,1323,517,179.23
1772576903.933527,Landmark_20,1327,477,
1772576903.933928,Landmark_0,377,1036,
1772576903.933928,Landmark_1,475,998,
1772576903.933928,Thumb MCP,561,931,170.92
1772576903.933928,Thumb IP,630,893,159.69
1772576903.933928,Landmark_4,690,884,
1772576903.933928,Landmark_5,493,788,
1772576903.933928,Index PIP,530,696,175.27
1772576903.933928,Index DIP,547,641,178.60
1772576903.933928,Landmark_8,560,595,
1772576903.933928,Landmark_9,434,774,
1772576903.933928,Middle PIP,457,672,177.52
1772576903.933928,Middle DIP,468,611,178.43
1772576903.933928,Landmark_12,475,565,
1772576903.933928,Landmark_13,376,781,
1772576903.933928,Ring PIP,389,687,176.15
1772576903.933928,Ring DIP,400,634,176.71
1772576903.933928,Landmark_16,411,593,
1772576903.933928,Landmark_17,315,810,
1772576903.933928,Pinky PIP,295,746,178.59
1772576903.933928,Pinky DIP,283,704,176.58
1772576903.933928,Landmark_20,275,668,
1772576904.019551,Landmark_0,1239,859,
1772576904.019551,Landmark_1,1155,846,
1772576904.019551,Thumb MCP,1069,813,176.96
1772576904.019551,Thumb IP,998,790,163.06
1772576904.019551,Landmark_4,941,789,
1772576904.019551,Landmark_5,1107,663,
1772576904.019551,Index PIP,1057,582,175.75
1772576904.019551,Index DIP,1030,530,177.58
1772576904.019551,Landmark_8,1009,485,
1772576904.019551,Landmark_9,1153,636,
1772576904.019551,Middle PIP,1116,539,178.71
1772576904.019551,Middle DIP,1095,480,177.83
1772576904.019551,Landmark_12,1079,429,
1772576904.019551,Landmark_13,1204,631,
1772576904.019551,Ring PIP,1180,539,179.42
1772576904.019551,Ring DIP,1166,483,179.18
1772576904.019551,Landmark_16,1153,434,
1772576904.019551,Landmark_17,1259,645,
1772576904.019551,Pinky PIP,1267,580,179.77
1772576904.019551,Pinky DIP,1272,538,177.73
1772576904.019551,Landmark_20,1275,500,
1772576904.020085,Landmark_0,388,1012,
1772576904.020085,Landmark_1,486,978,
1772576904.020085,Thumb MCP,573,921,174.32
1772576904.020085,Thumb IP,642,885,155.41
1772576904.020085,Landmark_4,700,882,
1772576904.020085,Landmark_5,511,778,
1772576904.020085,Index PIP,553,689,174.46
1772576904.020085,Index DIP,572,636,177.93
1772576904.020085,Landmark_8,586,592,
1772576904.020085,Landmark_9,454,762,
1772576904.020085,Middle PIP,481,662,176.92
1772576904.020085,Middle DIP,494,601,178.59
1772576904.020085,Landmark_12,503,553,
1772576904.020085,Landmark_13,397,768,
1772576904.020085,Ring PIP,413,671,178.44
1772576904.020085,Ring DIP,424,614,178.12
1772576904.020085,Landmark_16,434,570,
1772576904.020085,Landmark_17,338,792,
1772576904.020085,Pinky PIP,315,728,178.27
1772576904.020085,Pinky DIP,301,685,178.52
1772576904.020085,Landmark_20,290,648,
1772576904.095024,Landmark_0,1204,823,
1772576904.095024,Landmark_1,1128,810,
1772576904.095024,Thumb MCP,1049,784,179.14
1772576904.095024,Thumb IP,985,764,164.85
1772576904.095024,Landmark_4,933,762,
1772576904.095024,Landmark_5,1076,642,
1772576904.095024,Index PIP,1026,566,177.44
1772576904.095024,Index DIP,998,519,175.22
1772576904.095024,Landmark_8,978,478,
1772576904.095024,Landmark_9,1119,616,
1772576904.095024,Middle PIP,1080,525,177.70
1772576904.095024,Middle DIP,1059,470,177.90
1772576904.095024,Landmark_12,1043,423,
1772576904.095024,Landmark_13,1166,611,
1772576904.095024,Ring PIP,1141,528,179.63
1772576904.095024,Ring DIP,1126,477,179.46
1772576904.095024,Landmark_16,1112,431,
1772576904.095024,Landmark_17,1217,621,
1772576904.095024,Pinky PIP,1224,561,178.92
1772576904.095024,Pinky DIP,1228,520,177.36
1772576904.095024,Landmark_20,1230,481,
1772576904.095447,Landmark_0,402,985,
1772576904.095447,Landmark_1,497,951,
1772576904.095447,Thumb MCP,583,895,171.50
1772576904.095447,Thumb IP,653,863,163.96
1772576904.095447,Landmark_4,713,854,
1772576904.095447,Landmark_5,523,759,
1772576904.095447,Index PIP,564,671,175.09
1772576904.095447,Index DIP,583,619,176.04
1772576904.095447,Landmark_8,596,574,
1772576904.095447,Landmark_9,469,743,
1772576904.095447,Middle PIP,497,645,176.48
1772576904.095447,Middle DIP,510,586,178.41
1772576904.095447,Landmark_12,519,539,
1772576904.095447,Landmark_13,412,747,
1772576904.095447,Ring PIP,428,655,176.33
1772576904.095447,Ring DIP,441,601,176.71
1772576904.095447,Landmark_16,454,558,
1772576904.095447,Landmark_17,350,769,
1772576904.095447,Pinky PIP,329,705,178.66
1772576904.095447,Pinky DIP,316,662,177.92
1772576904.095447,Landmark_20,306,624,
1772576904.170272,Landmark_0,1191,787,
1772576904.170272,Landmark_1,1120,777,
1772576904.170272,Thumb MCP,1043,751,177.53
1772576904.170272,Thumb IP,981,733,164.98
1772576904.170272,Landmark_4,932,732,
1772576904.170272,Landmark_5,1067,621,
1772576904.170272,Index PIP,1017,551,176.93
1772576904.170272,Index DIP,989,507,176.34
1772576904.170272,Landmark_8,967,467,
1772576904.170272,Landmark_9,1106,595,
1772576904.170272,Middle PIP,1068,510,179.77
1772576904.170272,Middle DIP,1045,458,176.42
1772576904.170272,Landmark_12,1028,412,
1772576904.170272,Landmark_13,1149,588,
1772576904.170272,Ring PIP,1127,511,176.44
1772576904.170272,Ring DIP,1110,463,179.52
1772576904.170272,Landmark_16,1094,419,
1772576904.170272,Landmark_17,1196,597,
1772576904.170272,Pinky PIP,1201,541,178.93
1772576904.170272,Pinky DIP,1205,504,178.87
1772576904.170272,Landmark_20,1208,470,
1772576904.1706529,Landmark_0,393,957,
1772576904.1706529,Landmark_1,487,922,
1772576904.1706529,Thumb MCP,568,864,172.01
1772576904.1706529,Thumb IP,633,830,165.23
1772576904.1706529,Landmark_4,690,817,
1772576904.1706529,Landmark_5,507,733,
1772576904.1706529,Index PIP,544,647,177.76
1772576904.1706529,Index DIP,564,595,177.40
1772576904.1706529,Landmark_8,578,553,
1772576904.1706529,Landmark_9,453,717,
1772576904.1706529,Middle PIP,476,622,179.81
1772576904.1706529,Middle DIP,490,565,179.76
1772576904.1706529,Landmark_12,501,521,
1772576904.1706529,Landmark_13,397,722,
1772576904.1706529,Ring PIP,409,633,176.79
1772576904.1706529,Ring DIP,419,581,176.54
1772576904.1706529,Landmark_16,430,538,
1772576904.1706529,Landmark_17,339,745,
1772576904.1706529,Pinky PIP,316,687,179.41
1772576904.1706529,Pinky DIP,301,648,176.89
1772576904.1706529,Landmark_20,290,614,
1772576904.2502131,Landmark_0,1184,780,
1772576904.2502131,Landmark_1,1113,772,
1772576904.2502131,Thumb MCP,1042,747,177.04
1772576904.2502131,Thumb IP,981,729,167.06
1772576904.2502131,Landmark_4,932,726,
1772576904.2502131,Landmark_5,1065,614,
1772576904.2502131,Index PIP,1018,545,178.21
1772576904.2502131,Index DIP,990,501,175.83
1772576904.2502131,Landmark_8,969,462,
1772576904.2502131,Landmark_9,1103,588,
1772576904.2502131,Middle PIP,1067,507,178.97
1772576904.2502131,Middle DIP,1045,455,179.10
1772576904.2502131,Landmark_12,1028,413,
1772576904.2502131,Landmark_13,1145,582,
1772576904.2502131,Ring PIP,1123,504,176.18
1772576904.2502131,Ring DIP,1107,459,178.54
1772576904.2502131,Landmark_16,1092,420,
1772576904.2502131,Landmark_17,1191,591,
1772576904.2502131,Pinky PIP,1197,536,178.54
1772576904.2502131,Pinky DIP,1200,500,179.57
1772576904.2502131,Landmark_20,1203,467,
1772576904.250602,Landmark_0,374,935,
1772576904.250602,Landmark_1,468,900,
1772576904.250602,Thumb MCP,545,840,174.67
1772576904.250602,Thumb IP,606,801,160.26
1772576904.250602,Landmark_4,663,788,
1772576904.250602,Landmark_5,479,710,
1772576904.250602,Index PIP,510,626,176.44
1772576904.250602,Index DIP,525,576,174.34
1772576904.250602,Landmark_8,533,535,
1772576904.250602,Landmark_9,422,697,
1772576904.250602,Middle PIP,438,601,180.00
1772576904.250602,Middle DIP,447,547,177.33
1772576904.250602,Landmark_12,452,505,
1772576904.250602,Landmark_13,367,704,
1772576904.250602,Ring PIP,376,618,175.97
1772576904.250602,Ring DIP,385,567,177.33
1772576904.250602,Landmark_16,394,527,
1772576904.250602,Landmark_17,309,730,
1772576904.250602,Pinky PIP,282,672,178.42
1772576904.250602,Pinky DIP,266,635,178.12
1772576904.250602,Landmark_20,253,602,
1772576904.3363452,Landmark_0,1180,781,
1772576904.3363452,Landmark_1,1109,773,
1772576904.3363452,Thumb MCP,1038,750,178.61
1772576904.3363452,Thumb IP,981,730,164.17
1772576904.3363452,Landmark_4,932,727,
1772576904.3363452,Landmark_5,1060,619,
1772576904.3363452,Index PIP,1011,553,176.48
1772576904.3363452,Index DIP,983,510,176.36
1772576904.3363452,Landmark_8,961,471,
1772576904.3363452,Landmark_9,1098,593,
1772576904.3363452,Middle PIP,1061,513,178.51
1772576904.3363452,Middle DIP,1039,462,179.98
1772576904.3363452,Landmark_12,1020,418,
1772576904.3363452,Landmark_13,1141,586,
1772576904.3363452,Ring PIP,1116,510,178.32
1772576904.3363452,Ring DIP,1099,463,178.57
1772576904.3363452,Landmark_16,1083,422,
1772576904.3363452,Landmark_17,1187,594,
1772576904.3363452,Pinky PIP,1193,537,178.50
1772576904.3363452,Pinky DIP,1196,499,178.67
1772576904.3363452,Landmark_20,1198,463,
1772576904.336737,Landmark_0,367,933,
1772576904.336737,Landmark_1,462,899,
1772576904.336737,Thumb MCP,542,837,175.70
1772576904.336737,Thumb IP,604,796,160.80
1772576904.336737,Landmark_4,659,782,
1772576904.336737,Landmark_5,474,704,
1772576904.336737,Index PIP,508,630,173.76
1772576904.336737,Index DIP,522,588,171.57
1772576904.336737,Landmark_8,528,554,
1772576904.336737,Landmark_9,421,691,
1772576904.336737,Middle PIP,441,608,175.10
1772576904.336737,Middle DIP,448,562,174.92
1772576904.336737,Landmark_12,450,530,
1772576904.336737,Landmark_13,366,697,
1772576904.336737,Ring PIP,376,616,176.50
1772576904.336737,Ring DIP,384,573,176.50
1772576904.336737,Landmark_16,392,541,
1772576904.336737,Landmark_17,308,721,
1772576904.336737,Pinky PIP,279,666,178.76
1772576904.336737,Pinky DIP,261,630,176.19
1772576904.336737,Landmark_20,248,599,
1772576904.42081,Landmark_0,1181,781,
1772576904.42081,Landmark_1,1111,774,
1772576904.42081,Thumb MCP,1041,747,176.95
1772576904.42081,Thumb IP,983,721,163.67
1772576904.42081,Landmark_4,932,714,
1772576904.42081,Landmark_5,1054,623,
1772576904.42081,Index PIP,1007,557,177.02
1772576904.42081,Index DIP,979,513,176.34
1772576904.42081,Landmark_8,957,473,
1772576904.42081,Landmark_9,1092,596,
1772576904.42081,Middle PIP,1057,515,179.51
1772576904.42081,Middle DIP,1034,463,179.90
1772576904.42081,Landmark_12,1014,418,
1772576904.42081,Landmark_13,1135,588,
1772576904.42081,Ring PIP,1111,512,178.39
1772576904.42081,Ring DIP,1094,463,179.15
1772576904.42081,Landmark_16,1078,419,
1772576904.42081,Landmark_17,1181,596,
1772576904.42081,Pinky PIP,1188,538,178.83
1772576904.42081,Pinky DIP,1192,498,178.80
1772576904.42081,Landmark_20,1195,460,
1772576904.4212139,Landmark_0,382,924,
1772576904.4212139,Landmark_1,476,887,
1772576904.4212139,Thumb MCP,553,821,174.14
1772576904.4212139,Thumb IP,615,778,163.69
1772576904.4212139,Landmark_4,666,761,
1772576904.4212139,Landmark_5,495,700,
1772576904.4212139,Index PIP,527,629,175.83
1772576904.4212139,Index DIP,542,588,176.76
1772576904.4212139,Landmark_8,552,555,
1772576904.4212139,Landmark_9,441,686,
1772576904.4212139,Middle PIP,460,603,178.18
1772576904.4212139,Middle DIP,469,557,177.30
1772576904.4212139,Landmark_12,474,523,
1772576904.4212139,Landmark_13,386,689,
1772576904.4212139,Ring PIP,396,608,176.96
1772576904.4212139,Ring DIP,404,563,176.45
1772576904.4212139,Landmark_16,412,530,
1772576904.4212139,Landmark_17,328,709,
1772576904.4212139,Pinky PIP,302,653,177.16
1772576904.4212139,Pinky DIP,287,616,176.37
1772576904.4212139,Landmark_20,276,583,
1772576904.493212,Landmark_0,1191,777,
1772576904.493212,Landmark_1,1117,761,
1772576904.493212,Thumb MCP,1049,721,174.31
1772576904.493212,Thumb IP,997,683,173.72
1772576904.493212,Landmark_4,950,656,
1772576904.493212,Landmark_5,1050,623,
1772576904.493212,Index PIP,1014,562,176.02
1772576904.493212,Index DIP,995,524,174.69
1772576904.493212,Landmark_8,981,488,
1772576904.493212,Landmark_9,1091,601,
1772576904.493212,Middle PIP,1066,534,172.22
1772576904.493212,Middle DIP,1057,494,178.32
1772576904.493212,Landmark_12,1050,458,
1772576904.493212,Landmark_13,1135,598,
1772576904.493212,Ring PIP,1121,535,173.64
1772576904.493212,Ring DIP,1117,498,179.05
1772576904.493212,Landmark_16,1113,466,
1772576904.493212,Landmark_17,1181,607,
1772576904.493212,Pinky PIP,1178,560,161.09
1772576904.493212,Pinky DIP,1181,549,156.60
1772576904.493212,Landmark_20,1185,544,
1772576904.493632,Landmark_0,384,885,
1772576904.493632,Landmark_1,474,839,
1772576904.493632,Thumb MCP,539,774,177.17
1772576904.493632,Thumb IP,587,721,175.66
1772576904.493632,Landmark_4,626,684,
1772576904.493632,Landmark_5,497,680,
1772576904.493632,Index PIP,534,603,179.10
1772576904.493632,Index DIP,557,557,177.54
1772576904.493632,Landmark_8,574,519,
1772576904.493632,Landmark_9,447,666,
1772576904.493632,Middle PIP,472,578,178.94
1772576904.493632,Middle DIP,486,525,178.10
1772576904.493632,Landmark_12,498,485,
1772576904.493632,Landmark_13,395,667,
1772576904.493632,Ring PIP,416,580,177.48
1772576904.493632,Ring DIP,431,528,171.32
1772576904.493632,Landmark_16,449,489,
1772576904.493632,Landmark_17,338,682,
1772576904.493632,Pinky PIP,328,613,175.57
1772576904.493632,Pinky DIP,325,568,171.67
1772576904.493632,Landmark_20,328,530,
1772576904.572289,Landmark_0,1204,781,
1772576904.572289,Landmark_1,1119,750,
1772576904.572289,Thumb MCP,1047,705,166.40
1772576904.572289,Thumb IP,1000,657,171.63
1772576904.572289,Landmark_4,968,613,
1772576904.572289,Landmark_5,1051,651,
1772576904.572289,Index PIP,1036,619,18.25
1772576904.572289,Index DIP,1070,655,175.49
1772576904.572289,Landmark_8,1099,691,
1772576904.572289,Landmark_9,1092,634,
1772576904.572289,Middle PIP,1072,598,4.09
1772576904.572289,Middle DIP,1104,647,177.03
1772576904.572289,Landmark_12,1129,690,
1772576904.572289,Landmark_13,1134,621,
1772576904.572289,Ring PIP,1118,594,9.06
1772576904.572289,Ring DIP,1137,642,177.64
1772576904.572289,Landmark_16,1152,685,
1772576904.572289,Landmark_17,1177,614,
1772576904.572289,Pinky PIP,1159,593,29.89
1772576904.572289,Pinky DIP,1166,630,176.68
1772576904.572289,Landmark_20,1174,662,
1772576904.572672,Landmark_0,372,859,
1772576904.572672,Landmark_1,470,786,
1772576904.572672,Thumb MCP,517,718,171.50
1772576904.572672,Thumb IP,544,663,169.20
1772576904.572672,Landmark_4,558,612,
1772576904.572672,Landmark_5,493,662,
1772576904.572672,Index PIP,516,606,22.33
1772576904.572672,Index DIP,516,654,166.61
1772576904.572672,Landmark_8,506,696,
1772576904.572672,Landmark_9,450,656,
1772576904.572672,Middle PIP,480,605,25.03
1772576904.572672,Middle DIP,474,668,167.79
1772576904.572672,Landmark_12,460,712,
1772576904.572672,Landmark_13,402,655,
1772576904.572672,Ring PIP,436,605,31.57
1772576904.572672,Ring DIP,433,670,166.86
1772576904.572672,Landmark_16,420,716,
1772576904.572672,Landmark_17,344,662,
1772576904.572672,Pinky PIP,381,613,47.68
1772576904.572672,Pinky DIP,390,661,159.45
1772576904.572672,Landmark_20,383,701,
1772576904.653325,Landmark_0,1190,759,
1772576904.653325,Landmark_1,1107,736,
1772576904.653325,Thumb MCP,1038,694,161.83
1772576904.653325,Thumb IP,997,646,156.92
1772576904.653325,Landmark_4,981,595,
1772576904.653325,Landmark_5,1049,639,
1772576904.653325,Index PIP,1031,610,6.14
1772576904.653325,Index DIP,1063,651,177.87
1772576904.653325,Landmark_8,1089,687,
1772576904.653325,Landmark_9,1088,624,
1772576904.653325,Middle PIP,1070,596,3.22
1772576904.653325,Middle DIP,1100,649,178.79
1772576904.653325,Landmark_12,1121,688,
1772576904.653325,Landmark_13,1129,615,
1772576904.653325,Ring PIP,1115,590,10.19
1772576904.653325,Ring DIP,1134,645,178.95
1772576904.653325,Landmark_16,1147,685,
1772576904.653325,Landmark_17,1170,609,
1772576904.653325,Pinky PIP,1154,587,24.72
1772576904.653325,Pinky DIP,1162,627,178.59
1772576904.653325,Landmark_20,1169,658,
1772576904.653698,Landmark_0,379,798,
1772576904.653698,Landmark_1,475,738,
1772576904.653698,Thumb MCP,529,676,166.75
1772576904.653698,Thumb IP,558,621,166.23
1772576904.653698,Landmark_4,570,573,
1772576904.653698,Landmark_5,509,612,
1772576904.653698,Index PIP,541,563,15.73
1772576904.653698,Index DIP,525,614,172.79
1772576904.653698,Landmark_8,503,662,
1772576904.653698,Landmark_9,465,603,
1772576904.653698,Middle PIP,495,561,19.00
1772576904.653698,Middle DIP,476,625,176.46
1772576904.653698,Landmark_12,457,677,
1772576904.653698,Landmark_13,416,599,
1772576904.653698,Ring PIP,448,560,26.18
1772576904.653698,Ring DIP,433,624,173.02
1772576904.653698,Landmark_16,415,673,
1772576904.653698,Landmark_17,359,601,
1772576904.653698,Pinky PIP,398,565,44.85
1772576904.653698,Pinky DIP,396,612,162.34
1772576904.653698,Landmark_20,381,653,
1772576904.740865,Landmark_0,1188,741,
1772576904.740865,Landmark_1,1117,727,
1772576904.740865,Thumb MCP,1048,679,165.33
1772576904.740865,Thumb IP,1007,631,163.13
1772576904.740865,Landmark_4,986,583,
1772576904.740865,Landmark_5,1050,626,
1772576904.740865,Index PIP,1037,591,18.66
1772576904.740865,Index DIP,1067,628,175.40
1772576904.740865,Landmark_8,1091,663,
1772576904.740865,Landmark_9,1089,608,
1772576904.740865,Middle PIP,1075,571,8.42
1772576904.740865,Middle DIP,1104,623,173.69
1772576904.740865,Landmark_12,1120,661,
1772576904.740865,Landmark_13,1130,597,
1772576904.740865,Ring PIP,1121,567,3.02
1772576904.740865,Ring DIP,1140,620,173.60
1772576904.740865,Landmark_16,1149,658,
1772576904.740865,Landmark_17,1172,592,
1772576904.740865,Pinky PIP,1159,559,10.79
1772576904.740865,Pinky DIP,1166,596,175.00
1772576904.740865,Landmark_20,1169,626,
1772576904.741347,Landmark_0,399,751,
1772576904.741347,Landmark_1,496,704,
1772576904.741347,Thumb MCP,551,646,161.77
1772576904.741347,Thumb IP,576,593,167.55
1772576904.741347,Landmark_4,586,549,
1772576904.741347,Landmark_5,533,586,
1772576904.741347,Index PIP,564,534,14.54
1772576904.741347,Index DIP,550,582,170.21
1772576904.741347,Landmark_8,528,627,
1772576904.741347,Landmark_9,489,576,
1772576904.741347,Middle PIP,520,525,15.10
1772576904.741347,Middle DIP,502,587,172.44
1772576904.741347,Landmark_12,480,637,
1772576904.741347,Landmark_13,440,569,
1772576904.741347,Ring PIP,474,522,24.57
1772576904.741347,Ring DIP,461,587,168.93
1772576904.741347,Landmark_16,440,638,
1772576904.741347,Landmark_17,382,568,
1772576904.741347,Pinky PIP,422,526,43.60
1772576904.741347,Pinky DIP,422,571,158.20
1772576904.741347,Landmark_20,406,611,
1772576904.818028,Landmark_0,1191,724,
1772576904.818028,Landmark_1,1127,730,
1772576904.818028,Thumb MCP,1067,691,168.02
1772576904.818028,Thumb IP,1027,651,180.00
1772576904.818028,Landmark_4,993,617,
1772576904.818028,Landmark_5,1067,594,
1772576904.818028,Index PIP,1031,544,172.00
1772576904.818028,Index DIP,1011,506,175.67
1772576904.818028,Landmark_8,998,476,
1772576904.818028,Landmark_9,1104,566,
1772576904.818028,Middle PIP,1078,508,171.61
1772576904.818028,Middle DIP,1067,469,176.78
1772576904.818028,Landmark_12,1061,442,
1772576904.818028,Landmark_13,1147,555,
1772576904.818028,Ring PIP,1127,491,172.33
1772576904.818028,Ring DIP,1120,450,177.22
1772576904.818028,Landmark_16,1116,417,
1772576904.818028,Landmark_17,1194,562,
1772576904.818028,Pinky PIP,1198,511,170.91
1772576904.818028,Pinky DIP,1205,482,176.64
1772576904.818028,Landmark_20,1212,459,
1772576904.818409,Landmark_0,422,728,
1772576904.818409,Landmark_1,517,688,
1772576904.818409,Thumb MCP,579,622,171.78
1772576904.818409,Thumb IP,614,572,170.93
1772576904.818409,Landmark_4,644,541,
1772576904.818409,Landmark_5,554,566,
1772576904.818409,Index PIP,574,513,138.75
1772576904.818409,Index DIP,589,505,125.36
1772576904.818409,Landmark_8,599,510,
1772576904.818409,Landmark_9,509,551,
1772576904.818409,Middle PIP,534,480,67.41
1772576904.818409,Middle DIP,544,489,126.79
1772576904.818409,Landmark_12,542,511,
1772576904.818409,Landmark_13,456,545,
1772576904.818409,Ring PIP,480,471,25.09
1772576904.818409,Ring DIP,484,503,161.57
1772576904.818409,Landmark_16,476,543,
1772576904.818409,Landmark_17,396,548,
1772576904.818409,Pinky PIP,415,488,45.12
1772576904.818409,Pinky DIP,427,511,145.93
1772576904.818409,Landmark_20,423,546,
1772576904.900577,Landmark_0,1193,738,
1772576904.900577,Landmark_1,1126,747,
1772576904.900577,Thumb MCP,1063,727,179.56
1772576904.900577,Thumb IP,1008,710,165.03
1772576904.900577,Landmark_4,956,708,
1772576904.900577,Landmark_5,1077,591,
1772576904.900577,Index PIP,1030,522,177.41
1772576904.900577,Index DIP,1001,475,173.27
1772576904.900577,Landmark_8,981,432,
1772576904.900577,Landmark_9,1118,564,
1772576904.900577,Middle PIP,1081,480,177.00
1772576904.900577,Middle DIP,1059,422,177.66
1772576904.900577,Landmark_12,1042,371,
1772576904.900577,Landmark_13,1163,557,
1772576904.900577,Ring PIP,1139,476,178.72
1772576904.900577,Ring DIP,1122,423,178.48
1772576904.900577,Landmark_16,1108,375,
1772576904.900577,Landmark_17,1212,567,
1772576904.900577,Pinky PIP,1220,504,175.93
1772576904.900577,Pinky DIP,1228,464,176.60
1772576904.900577,Landmark_20,1233,428,
1772576904.9009721,Landmark_0,442,717,
1772576904.9009721,Landmark_1,526,711,
1772576904.9009721,Thumb MCP,604,661,172.06
1772576904.9009721,Thumb IP,667,632,160.48
1772576904.9009721,Landmark_4,722,627,
1772576904.9009721,Landmark_5,564,523,
1772576904.9009721,Index PIP,601,464,177.65
1772576904.9009721,Index DIP,625,422,179.37
1772576904.9009721,Landmark_8,642,393,
1772576904.9009721,Landmark_9,511,497,
1772576904.9009721,Middle PIP,533,424,178.09
1772576904.9009721,Middle DIP,546,375,179.48
1772576904.9009721,Landmark_12,557,335,
1772576904.9009721,Landmark_13,452,495,
1772576904.9009721,Ring PIP,462,417,179.01
1772576904.9009721,Ring DIP,469,369,179.09
1772576904.9009721,Landmark_16,475,332,
1772576904.9009721,Landmark_17,391,514,
1772576904.9009721,Pinky PIP,356,455,179.71
1772576904.9009721,Pinky DIP,332,415,177.53
1772576904.9009721,Landmark_20,313,380,
1772576904.971411,Landmark_0,1192,741,
1772576904.971411,Landmark_1,1114,733,
1772576904.971411,Thumb MCP,1044,697,170.87
1772576904.971411,Thumb IP,991,658,179.92
1772576904.971411,Landmark_4,949,627,
1772576904.971411,Landmark_5,1048,585,
1772576904.971411,Index PIP,1013,517,178.23
1772576904.971411,Index DIP,993,475,176.60
1772576904.971411,Landmark_8,978,438,
1772576904.971411,Landmark_9,1090,560,
1772576904.971411,Middle PIP,1070,485,176.38
1772576904.971411,Middle DIP,1061,440,178.38
1772576904.971411,Landmark_12,1054,399,
1772576904.971411,Landmark_13,1134,551,
1772576904.971411,Ring PIP,1119,485,174.96
1772576904.971411,Ring DIP,1113,441,177.81
1772576904.971411,Landmark_16,1109,400,
1772576904.971411,Landmark_17,1179,557,
1772576904.971411,Pinky PIP,1171,507,165.20
1772576904.971411,Pinky DIP,1174,477,175.93
1772576904.971411,Landmark_20,1179,448,
1772576904.97181,Landmark_0,404,687,
1772576904.97181,Landmark_1,506,671,
1772576904.97181,Thumb MCP,604,630,178.95
1772576904.97181,Thumb IP,679,597,162.37
1772576904.97181,Landmark_4,735,591,
1772576904.97181,Landmark_5,571,501,
1772576904.97181,Index PIP,631,439,177.93
1772576904.97181,Index DIP,667,399,177.49
1772576904.97181,Landmark_8,695,365,
1772576904.97181,Landmark_9,527,471,
1772576904.97181,Middle PIP,566,389,174.36
1772576904.97181,Middle DIP,584,339,179.03
1772576904.97181,Landmark_12,599,295,
1772576904.97181,Landmark_13,478,459,
1772576904.97181,Ring PIP,509,379,178.98
1772576904.97181,Ring DIP,529,330,173.81
1772576904.97181,Landmark_16,549,293,
1772576904.97181,Landmark_17,415,462,
1772576904.97181,Pinky PIP,399,404,178.31
1772576904.97181,Pinky DIP,388,359,176.19
1772576904.97181,Landmark_20,381,319,
1772576905.057272,Landmark_0,1171,730,
1772576905.057272,Landmark_1,1077,696,
1772576905.057272,Thumb MCP,1003,645,161.13
1772576905.057272,Thumb IP,960,587,168.75
1772576905.057272,Landmark_4,934,532,
1772576905.057272,Landmark_5,1019,579,
1772576905.057272,Index PIP,999,545,0.21
1772576905.057272,Index DIP,1027,593,179.91
1772576905.057272,Landmark_8,1051,634,
1772576905.057272,Landmark_9,1064,565,
1772576905.057272,Middle PIP,1043,530,8.21
1772576905.057272,Middle DIP,1069,592,177.42
1772576905.057272,Landmark_12,1087,641,
1772576905.057272,Landmark_13,1111,557,
1772576905.057272,Ring PIP,1094,526,15.81
1772576905.057272,Ring DIP,1108,587,178.17
1772576905.057272,Landmark_16,1118,638,
1772576905.057272,Landmark_17,1157,554,
1772576905.057272,Pinky PIP,1137,525,27.96
1772576905.057272,Pinky DIP,1142,568,179.33
1772576905.057272,Landmark_20,1147,607,
1772576905.057662,Landmark_0,411,645,
1772576905.057662,Landmark_1,535,623,
1772576905.057662,Thumb MCP,620,597,154.35
1772576905.057662,Thumb IP,671,550,154.11
1772576905.057662,Landmark_4,693,494,
1772576905.057662,Landmark_5,623,525,
1772576905.057662,Index PIP,664,480,2.66
1772576905.057662,Index DIP,635,509,177.71
1772576905.057662,Landmark_8,596,545,
1772576905.057662,Landmark_9,580,496,
1772576905.057662,Middle PIP,620,456,6.67
1772576905.057662,Middle DIP,586,499,177.32
1772576905.057662,Landmark_12,546,545,
1772576905.057662,Landmark_13,533,473,
1772576905.057662,Ring PIP,570,440,14.29
1772576905.057662,Ring DIP,539,486,177.51
1772576905.057662,Landmark_16,505,532,
1772576905.057662,Landmark_17,481,456,
1772576905.057662,Pinky PIP,516,428,29.80
1772576905.057662,Pinky DIP,501,466,169.27
1772576905.057662,Landmark_20,477,504,
1772576905.144335,Landmark_0,1152,690,
1772576905.144335,Landmark_1,1062,659,
1772576905.144335,Thumb MCP,992,600,161.79
1772576905.144335,Thumb IP,955,540,167.40
1772576905.144335,Landmark_4,936,485,
1772576905.144335,Landmark_5,1009,541,
1772576905.144335,Index PIP,992,515,0.03
1772576905.144335,Index DIP,1024,564,176.60
1772576905.144335,Landmark_8,1048,606,
1772576905.144335,Landmark_9,1055,528,
1772576905.144335,Middle PIP,1036,500,8.36
1772576905.144335,Middle DIP,1065,560,175.33
1772576905.144335,Landmark_12,1082,604,
1772576905.144335,Landmark_13,1104,520,
1772576905.144335,Ring PIP,1087,493,16.62
1772576905.144335,Ring DIP,1104,554,174.51
1772576905.144335,Landmark_16,1112,599,
1772576905.144335,Landmark_17,1152,519,
1772576905.144335,Pinky PIP,1134,489,24.48
1772576905.144335,Pinky DIP,1139,533,176.79
1772576905.144335,Landmark_20,1141,568,
1772576905.144713,Landmark_0,446,604,
1772576905.144713,Landmark_1,559,608,
1772576905.144713,Thumb MCP,657,580,155.42
1772576905.144713,Thumb IP,719,527,157.85
1772576905.144713,Landmark_4,750,467,
1772576905.144713,Landmark_5,661,505,
1772576905.144713,Index PIP,706,469,2.19
1772576905.144713,Index DIP,660,503,180.00
1772576905.144713,Landmark_8,614,537,
1772576905.144713,Landmark_9,618,474,
1772576905.144713,Middle PIP,661,437,3.71
1772576905.144713,Middle DIP,611,486,176.82
1772576905.144713,Landmark_12,569,532,
1772576905.144713,Landmark_13,571,448,
1772576905.144713,Ring PIP,612,412,8.91
1772576905.144713,Ring DIP,567,466,178.41
1772576905.144713,Landmark_16,530,513,
1772576905.144713,Landmark_17,516,425,
1772576905.144713,Pinky PIP,559,398,27.86
1772576905.144713,Pinky DIP,533,443,174.62
1772576905.144713,Landmark_20,506,481,
1772576905.220742,Landmark_0,1164,654,
1772576905.220742,Landmark_1,1082,639,
1772576905.220742,Thumb MCP,1002,589,162.52
1772576905.220742,Thumb IP,955,534,168.63
1772576905.220742,Landmark_4,926,482,
1772576905.220742,Landmark_5,1004,527,
1772576905.220742,Index PIP,986,485,13.87
1772576905.220742,Index DIP,1020,530,175.95
1772576905.220742,Landmark_8,1046,570,
1772576905.220742,Landmark_9,1048,506,
1772576905.220742,Middle PIP,1027,459,4.34
1772576905.220742,Middle DIP,1060,520,176.13
1772576905.220742,Landmark_12,1081,566,
1772576905.220742,Landmark_13,1095,493,
1772576905.220742,Ring PIP,1081,452,0.42
1772576905.220742,Ring DIP,1102,515,175.01
1772576905.220742,Landmark_16,1113,561,
1772576905.220742,Landmark_17,1143,486,
1772576905.220742,Pinky PIP,1127,445,11.24
1772576905.220742,Pinky DIP,1135,490,175.78
1772576905.220742,Landmark_20,1139,529,
1772576905.221123,Landmark_0,454,586,
1772576905.221123,Landmark_1,562,599,
1772576905.221123,Thumb MCP,670,569,156.97
1772576905.221123,Thumb IP,739,514,147.50
1772576905.221123,Landmark_4,762,447,
1772576905.221123,Landmark_5,664,488,
1772576905.221123,Index PIP,710,451,0.76
1772576905.221123,Index DIP,664,487,179.24
1772576905.221123,Landmark_8,618,524,
1772576905.221123,Landmark_9,622,453,
1772576905.221123,Middle PIP,669,414,4.23
1772576905.221123,Middle DIP,615,466,177.67
1772576905.221123,Landmark_12,570,513,
1772576905.221123,Landmark_13,573,423,
1772576905.221123,Ring PIP,617,387,10.91
1772576905.221123,Ring DIP,567,447,177.60
1772576905.221123,Landmark_16,528,498,
1772576905.221123,Landmark_17,517,397,
1772576905.221123,Pinky PIP,562,366,25.56
1772576905.221123,Pinky DIP,535,413,173.93
1772576905.221123,Landmark_20,506,453,
1772576905.29707,Landmark_0,1181,640,
1772576905.29707,Landmark_1,1104,655,
1772576905.29707,Thumb MCP,1035,611,166.95
1772576905.29707,Thumb IP,986,561,169.96
1772576905.29707,Landmark_4,937,526,
1772576905.29707,Landmark_5,1031,498,
1772576905.29707,Index PIP,981,438,174.76
1772576905.29707,Index DIP,950,393,177.71
1772576905.29707,Landmark_8,926,355,
1772576905.29707,Landmark_9,1076,462,
1772576905.29707,Middle PIP,1035,390,175.49
1772576905.29707,Middle DIP,1012,341,176.66
1772576905.29707,Landmark_12,996,301,
1772576905.29707,Landmark_13,1129,448,
1772576905.29707,Ring PIP,1095,376,173.90
1772576905.29707,Ring DIP,1079,330,178.41
1772576905.29707,Landmark_16,1066,289,
1772576905.29707,Landmark_17,1188,452,
1772576905.29707,Pinky PIP,1182,394,168.90
1772576905.29707,Pinky DIP,1185,361,179.48
1772576905.29707,Landmark_20,1188,331,
1772576905.297469,Landmark_0,450,576,
1772576905.297469,Landmark_1,544,595,
1772576905.297469,Thumb MCP,654,542,160.73
1772576905.297469,Thumb IP,715,481,171.35
1772576905.297469,Landmark_4,768,442,
1772576905.297469,Landmark_5,652,429,
1772576905.297469,Index PIP,705,376,174.21
1772576905.297469,Index DIP,736,338,179.40
1772576905.297469,Landmark_8,761,308,
1772576905.297469,Landmark_9,603,392,
1772576905.297469,Middle PIP,648,326,176.68
1772576905.297469,Middle DIP,675,281,177.65
1772576905.297469,Landmark_12,698,246,
1772576905.297469,Landmark_13,546,372,
1772576905.297469,Ring PIP,590,304,176.65
1772576905.297469,Ring DIP,612,274,171.25
1772576905.297469,Landmark_16,632,254,
1772576905.297469,Landmark_17,479,365,
1772576905.297469,Pinky PIP,510,307,174.43
1772576905.297469,Pinky DIP,524,286,171.18
1772576905.297469,Landmark_20,535,274,
1772576905.3757272,Landmark_0,1205,659,
1772576905.3757272,Landmark_1,1127,673,
1772576905.3757272,Thumb MCP,1054,641,170.89
1772576905.3757272,Thumb IP,995,603,167.05
1772576905.3757272,Landmark_4,934,581,
1772576905.3757272,Landmark_5,1053,496,
1772576905.3757272,Index PIP,994,416,177.28
1772576905.3757272,Index DIP,956,359,175.08
1772576905.3757272,Landmark_8,928,308,
1772576905.3757272,Landmark_9,1099,461,
1772576905.3757272,Middle PIP,1049,362,176.11
1772576905.3757272,Middle DIP,1019,291,178.74
1772576905.3757272,Landmark_12,994,228,
1772576905.3757272,Landmark_13,1153,449,
1772576905.3757272,Ring PIP,1115,356,176.75
1772576905.3757272,Ring DIP,1093,292,177.37
1772576905.3757272,Landmark_16,1076,234,
1772576905.3757272,Landmark_17,1212,457,
1772576905.3757272,Pinky PIP,1210,388,173.26
1772576905.3757272,Pinky DIP,1214,343,177.58
1772576905.3757272,Landmark_20,1216,300,
1772576905.376118,Landmark_0,415,595,
1772576905.376118,Landmark_1,513,615,
1772576905.376118,Thumb MCP,618,580,175.75
1772576905.376118,Thumb IP,709,557,161.18
1772576905.376118,Landmark_4,783,563,
1772576905.376118,Landmark_5,616,410,
1772576905.376118,Index PIP,690,349,176.39
1772576905.376118,Index DIP,737,305,178.11
1772576905.376118,Landmark_8,770,272,
1772576905.376118,Landmark_9,561,364,
1772576905.376118,Middle PIP,616,285,178.59
1772576905.376118,Middle DIP,651,232,179.75
1772576905.376118,Landmark_12,679,190,
1772576905.376118,Landmark_13,494,343,
1772576905.376118,Ring PIP,538,260,174.78
1772576905.376118,Ring DIP,570,211,178.37
1772576905.376118,Landmark_16,595,175,
1772576905.376118,Landmark_17,418,347,
1772576905.376118,Pinky PIP,406,276,176.12
1772576905.376118,Pinky DIP,401,226,177.02
1772576905.376118,Landmark_20,399,184,
1772576905.457247,Landmark_0,1198,702,
1772576905.457247,Landmark_1,1103,661,
1772576905.457247,Thumb MCP,1023,600,163.77
1772576905.457247,Thumb IP,975,535,179.74
1772576905.457247,Landmark_4,934,480,
1772576905.457247,Landmark_5,1040,525,
1772576905.457247,Index PIP,1024,486,5.87
1772576905.457247,Index DIP,1054,542,179.41
1772576905.457247,Landmark_8,1082,593,
1772576905.457247,Landmark_9,1092,509,
1772576905.457247,Middle PIP,1076,471,0.75
1772576905.457247,Middle DIP,1107,542,176.97
1772576905.457247,Landmark_12,1128,598,
1772576905.457247,Landmark_13,1144,498,
1772576905.457247,Ring PIP,1131,472,10.62
1772576905.457247,Ring DIP,1149,535,175.15
1772576905.457247,Landmark_16,1159,586,
1772576905.457247,Landmark_17,1198,494,
1772576905.457247,Pinky PIP,1182,467,25.89
1772576905.457247,Pinky DIP,1186,515,179.75
1772576905.457247,Landmark_20,1189,553,
1772576905.457645,Landmark_0,363,616,
1772576905.457645,Landmark_1,479,603,
1772576905.457645,Thumb MCP,587,544,174.96
1772576905.457645,Thumb IP,665,492,165.31
1772576905.457645,Landmark_4,726,471,
1772576905.457645,Landmark_5,582,444,
1772576905.457645,Index PIP,653,377,177.63
1772576905.457645,Index DIP,693,336,178.41
1772576905.457645,Landmark_8,726,304,
1772576905.457645,Landmark_9,534,405,
1772576905.457645,Middle PIP,595,310,177.84
1772576905.457645,Middle DIP,631,249,178.32
1772576905.457645,Landmark_12,660,203,
1772576905.457645,Landmark_13,477,382,
1772576905.457645,Ring PIP,535,282,178.63
1772576905.457645,Ring DIP,569,220,176.51
1772576905.457645,Landmark_16,598,174,
1772576905.457645,Landmark_17,407,376,
1772576905.457645,Pinky PIP,418,292,175.55
1772576905.457645,Pinky DIP,421,235,179.28
1772576905.457645,Landmark_20,423,185,
1772576905.54482,Landmark_0,1179,726,
1772576905.54482,Landmark_1,1083,693,
1772576905.54482,Thumb MCP,1000,623,166.17
1772576905.54482,Thumb IP,952,557,176.25
1772576905.54482,Landmark_4,916,500,
1772576905.54482,Landmark_5,1013,556,
1772576905.54482,Index PIP,993,517,2.92
1772576905.54482,Index DIP,1026,574,178.30
1772576905.54482,Landmark_8,1053,624,
1772576905.54482,Landmark_9,1069,540,
1772576905.54482,Middle PIP,1054,506,1.74
1772576905.54482,Middle DIP,1084,580,176.69
1772576905.54482,Landmark_12,1102,633,
1772576905.54482,Landmark_13,1126,531,
1772576905.54482,Ring PIP,1113,499,9.81
1772576905.54482,Ring DIP,1130,577,173.82
1772576905.54482,Landmark_16,1136,633,
1772576905.54482,Landmark_17,1185,531,
1772576905.54482,Pinky PIP,1169,496,23.56
1772576905.54482,Pinky DIP,1170,553,173.92
1772576905.54482,Landmark_20,1166,598,
1772576905.545228,Landmark_0,324,642,
1772576905.545228,Landmark_1,456,626,
1772576905.545228,Thumb MCP,555,587,161.06
1772576905.545228,Thumb IP,616,535,154.67
1772576905.545228,Landmark_4,643,475,
1772576905.545228,Landmark_5,565,514,
1772576905.545228,Index PIP,619,463,3.07
1772576905.545228,Index DIP,573,502,179.74
1772576905.545228,Landmark_8,523,544,
1772576905.545228,Landmark_9,518,483,
1772576905.545228,Middle PIP,565,439,4.56
1772576905.545228,Middle DIP,514,495,179.10
1772576905.545228,Landmark_12,469,546,
1772576905.545228,Landmark_13,466,457,
1772576905.545228,Ring PIP,509,422,13.52
1772576905.545228,Ring DIP,464,481,178.82
1772576905.545228,Landmark_16,425,530,
1772576905.545228,Landmark_17,408,435,
1772576905.545228,Pinky PIP,452,405,28.64
1772576905.545228,Pinky DIP,429,450,170.69
1772576905.545228,Landmark_20,401,488,
1772576905.62507,Landmark_0,1132,817,
1772576905.62507,Landmark_1,1065,809,
1772576905.62507,Thumb MCP,990,754,151.78
1772576905.62507,Thumb IP,958,687,148.66
1772576905.62507,Landmark_4,964,628,
1772576905.62507,Landmark_5,983,644,
1772576905.62507,Index PIP,973,575,109.56
1772576905.62507,Index DIP,963,573,90.00
1772576905.62507,Landmark_8,956,608,
1772576905.62507,Landmark_9,1049,622,
1772576905.62507,Middle PIP,1037,557,4.28
1772576905.62507,Middle DIP,1057,633,173.14
1772576905.62507,Landmark_12,1066,698,
1772576905.62507,Landmark_13,1116,616,
1772576905.62507,Ring PIP,1109,577,2.15
1772576905.62507,Ring DIP,1120,655,174.99
1772576905.62507,Landmark_16,1123,712,
1772576905.62507,Landmark_17,1187,622,
1772576905.62507,Pinky PIP,1172,581,21.12
1772576905.62507,Pinky DIP,1171,637,175.83
1772576905.62507,Landmark_20,1167,681,
1772576905.6254568,Landmark_0,294,706,
1772576905.6254568,Landmark_1,414,705,
1772576905.6254568,Thumb MCP,510,658,165.93
1772576905.6254568,Thumb IP,574,604,173.91
1772576905.6254568,Landmark_4,619,557,
1772576905.6254568,Landmark_5,524,585,
1772576905.6254568,Index PIP,583,533,2.97
1772576905.6254568,Index DIP,554,556,178.90
1772576905.6254568,Landmark_8,514,589,
1772576905.6254568,Landmark_9,478,549,
1772576905.6254568,Middle PIP,539,485,3.39
1772576905.6254568,Middle DIP,506,524,179.82
1772576905.6254568,Landmark_12,469,568,
1772576905.6254568,Landmark_13,424,521,
1772576905.6254568,Ring PIP,473,470,8.93
1772576905.6254568,Ring DIP,436,523,176.26
1772576905.6254568,Landmark_16,400,568,
1772576905.6254568,Landmark_17,361,500,
1772576905.6254568,Pinky PIP,402,466,28.30
1772576905.6254568,Pinky DIP,385,508,168.73
1772576905.6254568,Landmark_20,362,543,
1772576905.699244,Landmark_0,244,706,
1772576905.699244,Landmark_1,330,747,
1772576905.699244,Thumb MCP,421,746,164.37
1772576905.699244,Thumb IP,493,725,170.13
1772576905.699244,Landmark_4,546,699,
1772576905.699244,Landmark_5,435,651,
1772576905.699244,Index PIP,529,596,175.02
1772576905.699244,Index DIP,577,562,179.91
1772576905.699244,Landmark_8,611,538,
1772576905.699244,Landmark_9,391,601,
1772576905.699244,Middle PIP,464,523,172.09
1772576905.699244,Middle DIP,506,489,176.37
1772576905.699244,Landmark_12,537,467,
1772576905.699244,Landmark_13,333,573,
1772576905.699244,Ring PIP,393,499,178.43
1772576905.699244,Ring DIP,417,471,172.59
1772576905.699244,Landmark_16,437,453,
1772576905.699244,Landmark_17,272,565,
1772576905.699244,Pinky PIP,287,520,165.70
1772576905.699244,Pinky DIP,296,506,152.48
1772576905.699244,Landmark_20,303,502,
1772576905.792893,Landmark_0,186,783,
1772576905.792893,Landmark_1,273,826,
1772576905.792893,Thumb MCP,367,801,171.34
1772576905.792893,Thumb IP,445,767,173.38
1772576905.792893,Landmark_4,514,746,
1772576905.792893,Landmark_5,368,659,
1772576905.792893,Index PIP,442,587,177.15
1772576905.792893,Index DIP,482,544,175.92
1772576905.792893,Landmark_8,511,508,
1772576905.792893,Landmark_9,312,611,
1772576905.792893,Middle PIP,375,527,178.56
1772576905.792893,Middle DIP,412,475,179.56
1772576905.792893,Landmark_12,440,435,
1772576905.792893,Landmark_13,241,593,
1772576905.792893,Ring PIP,277,508,172.57
1772576905.792893,Ring DIP,292,454,174.21
1772576905.792893,Landmark_16,308,413,
1772576905.792893,Landmark_17,169,602,
1772576905.792893,Pinky PIP,162,544,170.94
1772576905.792893,Pinky DIP,154,516,173.03
1772576905.792893,Landmark_20,151,497,
